primary_type,case_year,case_month,number_of_cases
ARSON,2013,1,30
ARSON,2013,2,21
ARSON,2013,3,33
ARSON,2013,4,30
ARSON,2013,5,45
ARSON,2013,6,34
ARSON,2013,7,40
ARSON,2013,8,36
ARSON,2013,9,28
ARSON,2013,10,22
ARSON,2013,11,21
ARSON,2013,12,24
ARSON,2014,1,22
ARSON,2014,2,27
ARSON,2014,3,26
ARSON,2014,4,32
ARSON,2014,5,45
ARSON,2014,6,42
ARSON,2014,7,54
ARSON,2014,8,33
ARSON,2014,9,28
ARSON,2014,10,28
ARSON,2014,11,38
ARSON,2014,12,22
ARSON,2015,1,17
ARSON,2015,2,20
ARSON,2015,3,41
ARSON,2015,4,42
ARSON,2015,5,41
ARSON,2015,6,39
ARSON,2015,7,51
ARSON,2015,8,40
ARSON,2015,9,39
ARSON,2015,10,46
ARSON,2015,11,45
ARSON,2015,12,32
ARSON,2016,1,42
ARSON,2016,2,31
ARSON,2016,3,41
ARSON,2016,4,46
ARSON,2016,5,55
ARSON,2016,6,41
ARSON,2016,7,47
ARSON,2016,8,46
ARSON,2016,9,45
ARSON,2016,10,51
ARSON,2016,11,34
ARSON,2016,12,37
ARSON,2017,1,38
ARSON,2017,2,40
ARSON,2017,3,27
ARSON,2017,4,47
ARSON,2017,5,38
ARSON,2017,6,46
ARSON,2017,7,34
ARSON,2017,8,43
ARSON,2017,9,33
ARSON,2017,10,39
ARSON,2017,11,38
ARSON,2017,12,21
ARSON,2018,1,26
ARSON,2018,2,14
ARSON,2018,3,32
ARSON,2018,4,27
ARSON,2018,5,33
ARSON,2018,6,36
ARSON,2018,7,41
ARSON,2018,8,38
ARSON,2018,9,32
ARSON,2018,10,36
ARSON,2018,11,26
ARSON,2018,12,32
ARSON,2019,1,22
ARSON,2019,2,29
ARSON,2019,3,28
ARSON,2019,4,31
ARSON,2019,5,25
ARSON,2019,6,29
ARSON,2019,7,46
ARSON,2019,8,36
ARSON,2019,9,29
ARSON,2019,10,28
ARSON,2019,11,32
ARSON,2019,12,41
ARSON,2020,1,23
ARSON,2020,2,31
ARSON,2020,3,27
ARSON,2020,4,36
ARSON,2020,5,78
ARSON,2020,6,74
ARSON,2020,7,63
ARSON,2020,8,57
ARSON,2020,9,56
ARSON,2020,10,54
ARSON,2020,11,49
ARSON,2020,12,40
ARSON,2021,1,39
ARSON,2021,2,23
ARSON,2021,3,49
ARSON,2021,4,41
ARSON,2021,5,49
ARSON,2021,6,49
ARSON,2021,7,50
ARSON,2021,8,48
ARSON,2021,9,46
ARSON,2021,10,44
ARSON,2021,11,42
ARSON,2021,12,47
ARSON,2022,1,26
ARSON,2022,2,25
ARSON,2022,3,23
ARSON,2022,4,35
ARSON,2022,5,44
ARSON,2022,6,37
ARSON,2022,7,39
ARSON,2022,8,41
ARSON,2022,9,49
ARSON,2022,10,40
ARSON,2022,11,29
ARSON,2022,12,35
ARSON,2023,1,46
ARSON,2023,2,29
ASSAULT,2013,1,1396
ASSAULT,2013,2,1182
ASSAULT,2013,3,1416
ASSAULT,2013,4,1612
ASSAULT,2013,5,1843
ASSAULT,2013,6,1760
ASSAULT,2013,7,1634
ASSAULT,2013,8,1610
ASSAULT,2013,9,1612
ASSAULT,2013,10,1511
ASSAULT,2013,11,1254
ASSAULT,2013,12,1142
ASSAULT,2014,1,1037
ASSAULT,2014,2,1022
ASSAULT,2014,3,1388
ASSAULT,2014,4,1407
ASSAULT,2014,5,1669
ASSAULT,2014,6,1660
ASSAULT,2014,7,1631
ASSAULT,2014,8,1616
ASSAULT,2014,9,1573
ASSAULT,2014,10,1504
ASSAULT,2014,11,1160
ASSAULT,2014,12,1236
ASSAULT,2015,1,1222
ASSAULT,2015,2,1082
ASSAULT,2015,3,1437
ASSAULT,2015,4,1396
ASSAULT,2015,5,1676
ASSAULT,2015,6,1589
ASSAULT,2015,7,1593
ASSAULT,2015,8,1597
ASSAULT,2015,9,1530
ASSAULT,2015,10,1427
ASSAULT,2015,11,1252
ASSAULT,2015,12,1247
ASSAULT,2016,1,1226
ASSAULT,2016,2,1241
ASSAULT,2016,3,1641
ASSAULT,2016,4,1508
ASSAULT,2016,5,1789
ASSAULT,2016,6,1817
ASSAULT,2016,7,1712
ASSAULT,2016,8,1761
ASSAULT,2016,9,1694
ASSAULT,2016,10,1668
ASSAULT,2016,11,1423
ASSAULT,2016,12,1262
ASSAULT,2017,1,1374
ASSAULT,2017,2,1295
ASSAULT,2017,3,1486
ASSAULT,2017,4,1638
ASSAULT,2017,5,1853
ASSAULT,2017,6,1857
ASSAULT,2017,7,1821
ASSAULT,2017,8,1740
ASSAULT,2017,9,1786
ASSAULT,2017,10,1628
ASSAULT,2017,11,1454
ASSAULT,2017,12,1374
ASSAULT,2018,1,1416
ASSAULT,2018,2,1355
ASSAULT,2018,3,1620
ASSAULT,2018,4,1640
ASSAULT,2018,5,2037
ASSAULT,2018,6,1880
ASSAULT,2018,7,1944
ASSAULT,2018,8,1849
ASSAULT,2018,9,1814
ASSAULT,2018,10,1718
ASSAULT,2018,11,1543
ASSAULT,2018,12,1590
ASSAULT,2019,1,1459
ASSAULT,2019,2,1420
ASSAULT,2019,3,1667
ASSAULT,2019,4,1734
ASSAULT,2019,5,2045
ASSAULT,2019,6,2003
ASSAULT,2019,7,1931
ASSAULT,2019,8,1833
ASSAULT,2019,9,1791
ASSAULT,2019,10,1726
ASSAULT,2019,11,1474
ASSAULT,2019,12,1537
ASSAULT,2020,1,1519
ASSAULT,2020,2,1386
ASSAULT,2020,3,1477
ASSAULT,2020,4,1112
ASSAULT,2020,5,1488
ASSAULT,2020,6,1724
ASSAULT,2020,7,1891
ASSAULT,2020,8,1835
ASSAULT,2020,9,1698
ASSAULT,2020,10,1512
ASSAULT,2020,11,1337
ASSAULT,2020,12,1275
ASSAULT,2021,1,1339
ASSAULT,2021,2,1284
ASSAULT,2021,3,1452
ASSAULT,2021,4,1601
ASSAULT,2021,5,1800
ASSAULT,2021,6,1904
ASSAULT,2021,7,1956
ASSAULT,2021,8,1871
ASSAULT,2021,9,2038
ASSAULT,2021,10,1871
ASSAULT,2021,11,1629
ASSAULT,2021,12,1594
ASSAULT,2022,1,1321
ASSAULT,2022,2,1392
ASSAULT,2022,3,1625
ASSAULT,2022,4,1558
ASSAULT,2022,5,1979
ASSAULT,2022,6,2009
ASSAULT,2022,7,1963
ASSAULT,2022,8,1983
ASSAULT,2022,9,1885
ASSAULT,2022,10,1834
ASSAULT,2022,11,1653
ASSAULT,2022,12,1563
ASSAULT,2023,1,1685
ASSAULT,2023,2,1347
BATTERY,2013,1,3927
BATTERY,2013,2,3495
BATTERY,2013,3,4374
BATTERY,2013,4,4637
BATTERY,2013,5,5216
BATTERY,2013,6,5464
BATTERY,2013,7,5264
BATTERY,2013,8,5044
BATTERY,2013,9,4723
BATTERY,2013,10,4453
BATTERY,2013,11,3769
BATTERY,2013,12,3640
BATTERY,2014,1,3336
BATTERY,2014,2,3175
BATTERY,2014,3,3975
BATTERY,2014,4,4188
BATTERY,2014,5,4804
BATTERY,2014,6,4821
BATTERY,2014,7,4773
BATTERY,2014,8,4747
BATTERY,2014,9,4236
BATTERY,2014,10,4069
BATTERY,2014,11,3675
BATTERY,2014,12,3651
BATTERY,2015,1,3538
BATTERY,2015,2,2911
BATTERY,2015,3,4135
BATTERY,2015,4,4119
BATTERY,2015,5,4893
BATTERY,2015,6,4579
BATTERY,2015,7,4574
BATTERY,2015,8,4627
BATTERY,2015,9,4269
BATTERY,2015,10,4039
BATTERY,2015,11,3553
BATTERY,2015,12,3686
BATTERY,2016,1,3728
BATTERY,2016,2,3497
BATTERY,2016,3,4278
BATTERY,2016,4,4030
BATTERY,2016,5,4715
BATTERY,2016,6,4852
BATTERY,2016,7,4688
BATTERY,2016,8,4586
BATTERY,2016,9,4318
BATTERY,2016,10,4340
BATTERY,2016,11,3822
BATTERY,2016,12,3445
BATTERY,2017,1,3568
BATTERY,2017,2,3415
BATTERY,2017,3,3859
BATTERY,2017,4,4101
BATTERY,2017,5,4563
BATTERY,2017,6,4652
BATTERY,2017,7,4702
BATTERY,2017,8,4424
BATTERY,2017,9,4398
BATTERY,2017,10,4171
BATTERY,2017,11,3724
BATTERY,2017,12,3661
BATTERY,2018,1,3590
BATTERY,2018,2,3200
BATTERY,2018,3,3958
BATTERY,2018,4,3803
BATTERY,2018,5,4981
BATTERY,2018,6,4642
BATTERY,2018,7,4885
BATTERY,2018,8,4615
BATTERY,2018,9,4352
BATTERY,2018,10,4304
BATTERY,2018,11,3637
BATTERY,2018,12,3861
BATTERY,2019,1,3525
BATTERY,2019,2,3344
BATTERY,2019,3,4060
BATTERY,2019,4,3977
BATTERY,2019,5,4759
BATTERY,2019,6,4749
BATTERY,2019,7,4872
BATTERY,2019,8,4556
BATTERY,2019,9,4321
BATTERY,2019,10,3863
BATTERY,2019,11,3669
BATTERY,2019,12,3818
BATTERY,2020,1,3607
BATTERY,2020,2,3387
BATTERY,2020,3,3561
BATTERY,2020,4,2693
BATTERY,2020,5,3505
BATTERY,2020,6,3922
BATTERY,2020,7,4153
BATTERY,2020,8,4076
BATTERY,2020,9,3443
BATTERY,2020,10,3416
BATTERY,2020,11,3018
BATTERY,2020,12,2729
BATTERY,2021,1,2776
BATTERY,2021,2,2437
BATTERY,2021,3,3101
BATTERY,2021,4,3075
BATTERY,2021,5,3679
BATTERY,2021,6,3845
BATTERY,2021,7,3884
BATTERY,2021,8,3805
BATTERY,2021,9,3828
BATTERY,2021,10,3755
BATTERY,2021,11,3099
BATTERY,2021,12,3170
BATTERY,2022,1,2845
BATTERY,2022,2,2753
BATTERY,2022,3,3354
BATTERY,2022,4,3366
BATTERY,2022,5,3927
BATTERY,2022,6,3843
BATTERY,2022,7,3748
BATTERY,2022,8,3732
BATTERY,2022,9,3715
BATTERY,2022,10,3492
BATTERY,2022,11,3074
BATTERY,2022,12,3004
BATTERY,2023,1,3151
BATTERY,2023,2,2791
BURGLARY,2013,1,1584
BURGLARY,2013,2,1171
BURGLARY,2013,3,1247
BURGLARY,2013,4,1366
BURGLARY,2013,5,1563
BURGLARY,2013,6,1477
BURGLARY,2013,7,1567
BURGLARY,2013,8,1771
BURGLARY,2013,9,1634
BURGLARY,2013,10,1599
BURGLARY,2013,11,1478
BURGLARY,2013,12,1438
BURGLARY,2014,1,1137
BURGLARY,2014,2,889
BURGLARY,2014,3,1054
BURGLARY,2014,4,1124
BURGLARY,2014,5,1206
BURGLARY,2014,6,1244
BURGLARY,2014,7,1397
BURGLARY,2014,8,1384
BURGLARY,2014,9,1300
BURGLARY,2014,10,1358
BURGLARY,2014,11,1135
BURGLARY,2014,12,1341
BURGLARY,2015,1,1065
BURGLARY,2015,2,663
BURGLARY,2015,3,847
BURGLARY,2015,4,921
BURGLARY,2015,5,1075
BURGLARY,2015,6,1130
BURGLARY,2015,7,1157
BURGLARY,2015,8,1250
BURGLARY,2015,9,1181
BURGLARY,2015,10,1301
BURGLARY,2015,11,1218
BURGLARY,2015,12,1376
BURGLARY,2016,1,1182
BURGLARY,2016,2,842
BURGLARY,2016,3,1048
BURGLARY,2016,4,946
BURGLARY,2016,5,1106
BURGLARY,2016,6,1080
BURGLARY,2016,7,1349
BURGLARY,2016,8,1374
BURGLARY,2016,9,1371
BURGLARY,2016,10,1314
BURGLARY,2016,11,1376
BURGLARY,2016,12,1301
BURGLARY,2017,1,1274
BURGLARY,2017,2,1013
BURGLARY,2017,3,931
BURGLARY,2017,4,968
BURGLARY,2017,5,1061
BURGLARY,2017,6,1090
BURGLARY,2017,7,1206
BURGLARY,2017,8,1153
BURGLARY,2017,9,1040
BURGLARY,2017,10,1199
BURGLARY,2017,11,1083
BURGLARY,2017,12,983
BURGLARY,2018,1,952
BURGLARY,2018,2,698
BURGLARY,2018,3,822
BURGLARY,2018,4,941
BURGLARY,2018,5,975
BURGLARY,2018,6,1064
BURGLARY,2018,7,1141
BURGLARY,2018,8,1213
BURGLARY,2018,9,1052
BURGLARY,2018,10,1004
BURGLARY,2018,11,913
BURGLARY,2018,12,971
BURGLARY,2019,1,797
BURGLARY,2019,2,671
BURGLARY,2019,3,677
BURGLARY,2019,4,700
BURGLARY,2019,5,815
BURGLARY,2019,6,790
BURGLARY,2019,7,928
BURGLARY,2019,8,904
BURGLARY,2019,9,875
BURGLARY,2019,10,863
BURGLARY,2019,11,792
BURGLARY,2019,12,827
BURGLARY,2020,1,740
BURGLARY,2020,2,619
BURGLARY,2020,3,568
BURGLARY,2020,4,528
BURGLARY,2020,5,1323
BURGLARY,2020,6,754
BURGLARY,2020,7,738
BURGLARY,2020,8,1062
BURGLARY,2020,9,614
BURGLARY,2020,10,643
BURGLARY,2020,11,619
BURGLARY,2020,12,549
BURGLARY,2021,1,486
BURGLARY,2021,2,351
BURGLARY,2021,3,394
BURGLARY,2021,4,416
BURGLARY,2021,5,473
BURGLARY,2021,6,508
BURGLARY,2021,7,556
BURGLARY,2021,8,600
BURGLARY,2021,9,667
BURGLARY,2021,10,756
BURGLARY,2021,11,733
BURGLARY,2021,12,718
BURGLARY,2022,1,579
BURGLARY,2022,2,509
BURGLARY,2022,3,577
BURGLARY,2022,4,560
BURGLARY,2022,5,603
BURGLARY,2022,6,675
BURGLARY,2022,7,700
BURGLARY,2022,8,673
BURGLARY,2022,9,653
BURGLARY,2022,10,689
BURGLARY,2022,11,678
BURGLARY,2022,12,696
BURGLARY,2023,1,667
BURGLARY,2023,2,500
CONCEALED CARRY LICENSE VIOLATION,2014,2,1
CONCEALED CARRY LICENSE VIOLATION,2014,3,2
CONCEALED CARRY LICENSE VIOLATION,2014,4,2
CONCEALED CARRY LICENSE VIOLATION,2014,5,1
CONCEALED CARRY LICENSE VIOLATION,2014,6,1
CONCEALED CARRY LICENSE VIOLATION,2014,7,2
CONCEALED CARRY LICENSE VIOLATION,2014,9,2
CONCEALED CARRY LICENSE VIOLATION,2014,10,3
CONCEALED CARRY LICENSE VIOLATION,2014,12,1
CONCEALED CARRY LICENSE VIOLATION,2015,2,1
CONCEALED CARRY LICENSE VIOLATION,2015,3,3
CONCEALED CARRY LICENSE VIOLATION,2015,4,2
CONCEALED CARRY LICENSE VIOLATION,2015,5,6
CONCEALED CARRY LICENSE VIOLATION,2015,6,6
CONCEALED CARRY LICENSE VIOLATION,2015,7,4
CONCEALED CARRY LICENSE VIOLATION,2015,9,3
CONCEALED CARRY LICENSE VIOLATION,2015,10,5
CONCEALED CARRY LICENSE VIOLATION,2015,11,2
CONCEALED CARRY LICENSE VIOLATION,2015,12,2
CONCEALED CARRY LICENSE VIOLATION,2016,1,1
CONCEALED CARRY LICENSE VIOLATION,2016,2,4
CONCEALED CARRY LICENSE VIOLATION,2016,3,2
CONCEALED CARRY LICENSE VIOLATION,2016,4,2
CONCEALED CARRY LICENSE VIOLATION,2016,5,1
CONCEALED CARRY LICENSE VIOLATION,2016,6,4
CONCEALED CARRY LICENSE VIOLATION,2016,7,3
CONCEALED CARRY LICENSE VIOLATION,2016,8,7
CONCEALED CARRY LICENSE VIOLATION,2016,9,2
CONCEALED CARRY LICENSE VIOLATION,2016,10,4
CONCEALED CARRY LICENSE VIOLATION,2016,11,2
CONCEALED CARRY LICENSE VIOLATION,2016,12,4
CONCEALED CARRY LICENSE VIOLATION,2017,1,7
CONCEALED CARRY LICENSE VIOLATION,2017,2,3
CONCEALED CARRY LICENSE VIOLATION,2017,3,4
CONCEALED CARRY LICENSE VIOLATION,2017,4,5
CONCEALED CARRY LICENSE VIOLATION,2017,5,6
CONCEALED CARRY LICENSE VIOLATION,2017,6,3
CONCEALED CARRY LICENSE VIOLATION,2017,7,6
CONCEALED CARRY LICENSE VIOLATION,2017,8,8
CONCEALED CARRY LICENSE VIOLATION,2017,9,6
CONCEALED CARRY LICENSE VIOLATION,2017,10,9
CONCEALED CARRY LICENSE VIOLATION,2017,11,6
CONCEALED CARRY LICENSE VIOLATION,2017,12,6
CONCEALED CARRY LICENSE VIOLATION,2018,1,4
CONCEALED CARRY LICENSE VIOLATION,2018,2,6
CONCEALED CARRY LICENSE VIOLATION,2018,3,9
CONCEALED CARRY LICENSE VIOLATION,2018,4,11
CONCEALED CARRY LICENSE VIOLATION,2018,5,15
CONCEALED CARRY LICENSE VIOLATION,2018,6,14
CONCEALED CARRY LICENSE VIOLATION,2018,7,13
CONCEALED CARRY LICENSE VIOLATION,2018,8,17
CONCEALED CARRY LICENSE VIOLATION,2018,9,20
CONCEALED CARRY LICENSE VIOLATION,2018,10,19
CONCEALED CARRY LICENSE VIOLATION,2018,11,9
CONCEALED CARRY LICENSE VIOLATION,2018,12,12
CONCEALED CARRY LICENSE VIOLATION,2019,1,12
CONCEALED CARRY LICENSE VIOLATION,2019,2,12
CONCEALED CARRY LICENSE VIOLATION,2019,3,14
CONCEALED CARRY LICENSE VIOLATION,2019,4,20
CONCEALED CARRY LICENSE VIOLATION,2019,5,23
CONCEALED CARRY LICENSE VIOLATION,2019,6,17
CONCEALED CARRY LICENSE VIOLATION,2019,7,21
CONCEALED CARRY LICENSE VIOLATION,2019,8,22
CONCEALED CARRY LICENSE VIOLATION,2019,9,34
CONCEALED CARRY LICENSE VIOLATION,2019,10,15
CONCEALED CARRY LICENSE VIOLATION,2019,11,11
CONCEALED CARRY LICENSE VIOLATION,2019,12,16
CONCEALED CARRY LICENSE VIOLATION,2020,1,15
CONCEALED CARRY LICENSE VIOLATION,2020,2,13
CONCEALED CARRY LICENSE VIOLATION,2020,3,11
CONCEALED CARRY LICENSE VIOLATION,2020,4,7
CONCEALED CARRY LICENSE VIOLATION,2020,5,12
CONCEALED CARRY LICENSE VIOLATION,2020,6,13
CONCEALED CARRY LICENSE VIOLATION,2020,7,14
CONCEALED CARRY LICENSE VIOLATION,2020,8,11
CONCEALED CARRY LICENSE VIOLATION,2020,9,17
CONCEALED CARRY LICENSE VIOLATION,2020,10,14
CONCEALED CARRY LICENSE VIOLATION,2020,11,13
CONCEALED CARRY LICENSE VIOLATION,2020,12,8
CONCEALED CARRY LICENSE VIOLATION,2021,1,11
CONCEALED CARRY LICENSE VIOLATION,2021,2,15
CONCEALED CARRY LICENSE VIOLATION,2021,3,14
CONCEALED CARRY LICENSE VIOLATION,2021,4,15
CONCEALED CARRY LICENSE VIOLATION,2021,5,12
CONCEALED CARRY LICENSE VIOLATION,2021,6,18
CONCEALED CARRY LICENSE VIOLATION,2021,7,16
CONCEALED CARRY LICENSE VIOLATION,2021,8,16
CONCEALED CARRY LICENSE VIOLATION,2021,9,21
CONCEALED CARRY LICENSE VIOLATION,2021,10,20
CONCEALED CARRY LICENSE VIOLATION,2021,11,12
CONCEALED CARRY LICENSE VIOLATION,2021,12,3
CONCEALED CARRY LICENSE VIOLATION,2022,1,12
CONCEALED CARRY LICENSE VIOLATION,2022,2,14
CONCEALED CARRY LICENSE VIOLATION,2022,3,18
CONCEALED CARRY LICENSE VIOLATION,2022,4,14
CONCEALED CARRY LICENSE VIOLATION,2022,5,19
CONCEALED CARRY LICENSE VIOLATION,2022,6,16
CONCEALED CARRY LICENSE VIOLATION,2022,7,16
CONCEALED CARRY LICENSE VIOLATION,2022,8,15
CONCEALED CARRY LICENSE VIOLATION,2022,9,13
CONCEALED CARRY LICENSE VIOLATION,2022,10,10
CONCEALED CARRY LICENSE VIOLATION,2022,11,18
CONCEALED CARRY LICENSE VIOLATION,2022,12,12
CONCEALED CARRY LICENSE VIOLATION,2023,1,20
CONCEALED CARRY LICENSE VIOLATION,2023,2,14
CRIM SEXUAL ASSAULT,2013,1,128
CRIM SEXUAL ASSAULT,2013,2,84
CRIM SEXUAL ASSAULT,2013,3,104
CRIM SEXUAL ASSAULT,2013,4,81
CRIM SEXUAL ASSAULT,2013,5,110
CRIM SEXUAL ASSAULT,2013,6,120
CRIM SEXUAL ASSAULT,2013,7,125
CRIM SEXUAL ASSAULT,2013,8,132
CRIM SEXUAL ASSAULT,2013,9,108
CRIM SEXUAL ASSAULT,2013,10,103
CRIM SEXUAL ASSAULT,2013,11,102
CRIM SEXUAL ASSAULT,2013,12,80
CRIM SEXUAL ASSAULT,2014,1,105
CRIM SEXUAL ASSAULT,2014,2,72
CRIM SEXUAL ASSAULT,2014,3,96
CRIM SEXUAL ASSAULT,2014,4,109
CRIM SEXUAL ASSAULT,2014,5,107
CRIM SEXUAL ASSAULT,2014,6,131
CRIM SEXUAL ASSAULT,2014,7,106
CRIM SEXUAL ASSAULT,2014,8,141
CRIM SEXUAL ASSAULT,2014,9,118
CRIM SEXUAL ASSAULT,2014,10,114
CRIM SEXUAL ASSAULT,2014,11,122
CRIM SEXUAL ASSAULT,2014,12,97
CRIM SEXUAL ASSAULT,2015,1,145
CRIM SEXUAL ASSAULT,2015,2,75
CRIM SEXUAL ASSAULT,2015,3,100
CRIM SEXUAL ASSAULT,2015,4,99
CRIM SEXUAL ASSAULT,2015,5,106
CRIM SEXUAL ASSAULT,2015,6,143
CRIM SEXUAL ASSAULT,2015,7,121
CRIM SEXUAL ASSAULT,2015,8,127
CRIM SEXUAL ASSAULT,2015,9,126
CRIM SEXUAL ASSAULT,2015,10,117
CRIM SEXUAL ASSAULT,2015,11,98
CRIM SEXUAL ASSAULT,2015,12,98
CRIM SEXUAL ASSAULT,2016,1,111
CRIM SEXUAL ASSAULT,2016,2,102
CRIM SEXUAL ASSAULT,2016,3,125
CRIM SEXUAL ASSAULT,2016,4,116
CRIM SEXUAL ASSAULT,2016,5,139
CRIM SEXUAL ASSAULT,2016,6,153
CRIM SEXUAL ASSAULT,2016,7,152
CRIM SEXUAL ASSAULT,2016,8,138
CRIM SEXUAL ASSAULT,2016,9,121
CRIM SEXUAL ASSAULT,2016,10,144
CRIM SEXUAL ASSAULT,2016,11,112
CRIM SEXUAL ASSAULT,2016,12,89
CRIM SEXUAL ASSAULT,2017,1,138
CRIM SEXUAL ASSAULT,2017,2,112
CRIM SEXUAL ASSAULT,2017,3,96
CRIM SEXUAL ASSAULT,2017,4,131
CRIM SEXUAL ASSAULT,2017,5,127
CRIM SEXUAL ASSAULT,2017,6,112
CRIM SEXUAL ASSAULT,2017,7,151
CRIM SEXUAL ASSAULT,2017,8,148
CRIM SEXUAL ASSAULT,2017,9,136
CRIM SEXUAL ASSAULT,2017,10,143
CRIM SEXUAL ASSAULT,2017,11,113
CRIM SEXUAL ASSAULT,2017,12,106
CRIM SEXUAL ASSAULT,2018,1,103
CRIM SEXUAL ASSAULT,2018,2,101
CRIM SEXUAL ASSAULT,2018,3,106
CRIM SEXUAL ASSAULT,2018,4,102
CRIM SEXUAL ASSAULT,2018,5,132
CRIM SEXUAL ASSAULT,2018,6,126
CRIM SEXUAL ASSAULT,2018,7,135
CRIM SEXUAL ASSAULT,2018,8,128
CRIM SEXUAL ASSAULT,2018,9,139
CRIM SEXUAL ASSAULT,2018,10,126
CRIM SEXUAL ASSAULT,2018,11,109
CRIM SEXUAL ASSAULT,2018,12,99
CRIM SEXUAL ASSAULT,2019,1,104
CRIM SEXUAL ASSAULT,2019,2,73
CRIM SEXUAL ASSAULT,2019,3,65
CRIM SEXUAL ASSAULT,2019,4,75
CRIM SEXUAL ASSAULT,2019,5,91
CRIM SEXUAL ASSAULT,2019,6,77
CRIM SEXUAL ASSAULT,2019,7,105
CRIM SEXUAL ASSAULT,2019,8,81
CRIM SEXUAL ASSAULT,2019,9,70
CRIM SEXUAL ASSAULT,2019,10,65
CRIM SEXUAL ASSAULT,2019,11,53
CRIM SEXUAL ASSAULT,2019,12,54
CRIM SEXUAL ASSAULT,2020,1,53
CRIM SEXUAL ASSAULT,2020,2,22
CRIMINAL DAMAGE,2013,1,2501
CRIMINAL DAMAGE,2013,2,1874
CRIMINAL DAMAGE,2013,3,2498
CRIMINAL DAMAGE,2013,4,2717
CRIMINAL DAMAGE,2013,5,2990
CRIMINAL DAMAGE,2013,6,2829
CRIMINAL DAMAGE,2013,7,2841
CRIMINAL DAMAGE,2013,8,2879
CRIMINAL DAMAGE,2013,9,2654
CRIMINAL DAMAGE,2013,10,2629
CRIMINAL DAMAGE,2013,11,2380
CRIMINAL DAMAGE,2013,12,2062
CRIMINAL DAMAGE,2014,1,1790
CRIMINAL DAMAGE,2014,2,1595
CRIMINAL DAMAGE,2014,3,2207
CRIMINAL DAMAGE,2014,4,2430
CRIMINAL DAMAGE,2014,5,2564
CRIMINAL DAMAGE,2014,6,2489
CRIMINAL DAMAGE,2014,7,2672
CRIMINAL DAMAGE,2014,8,2645
CRIMINAL DAMAGE,2014,9,2389
CRIMINAL DAMAGE,2014,10,2496
CRIMINAL DAMAGE,2014,11,2262
CRIMINAL DAMAGE,2014,12,2259
CRIMINAL DAMAGE,2015,1,1924
CRIMINAL DAMAGE,2015,2,1504
CRIMINAL DAMAGE,2015,3,2238
CRIMINAL DAMAGE,2015,4,2465
CRIMINAL DAMAGE,2015,5,2600
CRIMINAL DAMAGE,2015,6,2463
CRIMINAL DAMAGE,2015,7,2821
CRIMINAL DAMAGE,2015,8,2685
CRIMINAL DAMAGE,2015,9,2516
CRIMINAL DAMAGE,2015,10,2593
CRIMINAL DAMAGE,2015,11,2388
CRIMINAL DAMAGE,2015,12,2479
CRIMINAL DAMAGE,2016,1,2374
CRIMINAL DAMAGE,2016,2,2089
CRIMINAL DAMAGE,2016,3,2538
CRIMINAL DAMAGE,2016,4,2392
CRIMINAL DAMAGE,2016,5,2733
CRIMINAL DAMAGE,2016,6,2641
CRIMINAL DAMAGE,2016,7,2987
CRIMINAL DAMAGE,2016,8,2974
CRIMINAL DAMAGE,2016,9,2850
CRIMINAL DAMAGE,2016,10,2758
CRIMINAL DAMAGE,2016,11,2580
CRIMINAL DAMAGE,2016,12,2102
CRIMINAL DAMAGE,2017,1,2425
CRIMINAL DAMAGE,2017,2,2048
CRIMINAL DAMAGE,2017,3,2238
CRIMINAL DAMAGE,2017,4,2451
CRIMINAL DAMAGE,2017,5,2518
CRIMINAL DAMAGE,2017,6,2582
CRIMINAL DAMAGE,2017,7,2745
CRIMINAL DAMAGE,2017,8,2685
CRIMINAL DAMAGE,2017,9,2414
CRIMINAL DAMAGE,2017,10,2439
CRIMINAL DAMAGE,2017,11,2335
CRIMINAL DAMAGE,2017,12,2165
CRIMINAL DAMAGE,2018,1,1931
CRIMINAL DAMAGE,2018,2,1672
CRIMINAL DAMAGE,2018,3,2337
CRIMINAL DAMAGE,2018,4,2240
CRIMINAL DAMAGE,2018,5,2671
CRIMINAL DAMAGE,2018,6,2589
CRIMINAL DAMAGE,2018,7,2725
CRIMINAL DAMAGE,2018,8,2636
CRIMINAL DAMAGE,2018,9,2287
CRIMINAL DAMAGE,2018,10,2521
CRIMINAL DAMAGE,2018,11,1969
CRIMINAL DAMAGE,2018,12,2246
CRIMINAL DAMAGE,2019,1,1794
CRIMINAL DAMAGE,2019,2,1717
CRIMINAL DAMAGE,2019,3,2026
CRIMINAL DAMAGE,2019,4,2277
CRIMINAL DAMAGE,2019,5,2498
CRIMINAL DAMAGE,2019,6,2531
CRIMINAL DAMAGE,2019,7,2597
CRIMINAL DAMAGE,2019,8,2567
CRIMINAL DAMAGE,2019,9,2370
CRIMINAL DAMAGE,2019,10,2328
CRIMINAL DAMAGE,2019,11,1989
CRIMINAL DAMAGE,2019,12,1987
CRIMINAL DAMAGE,2020,1,1792
CRIMINAL DAMAGE,2020,2,1742
CRIMINAL DAMAGE,2020,3,1892
CRIMINAL DAMAGE,2020,4,1784
CRIMINAL DAMAGE,2020,5,2478
CRIMINAL DAMAGE,2020,6,2451
CRIMINAL DAMAGE,2020,7,2503
CRIMINAL DAMAGE,2020,8,2365
CRIMINAL DAMAGE,2020,9,2169
CRIMINAL DAMAGE,2020,10,2144
CRIMINAL DAMAGE,2020,11,1888
CRIMINAL DAMAGE,2020,12,1670
CRIMINAL DAMAGE,2021,1,1727
CRIMINAL DAMAGE,2021,2,1457
CRIMINAL DAMAGE,2021,3,1896
CRIMINAL DAMAGE,2021,4,1948
CRIMINAL DAMAGE,2021,5,2287
CRIMINAL DAMAGE,2021,6,2317
CRIMINAL DAMAGE,2021,7,2489
CRIMINAL DAMAGE,2021,8,2322
CRIMINAL DAMAGE,2021,9,2298
CRIMINAL DAMAGE,2021,10,2247
CRIMINAL DAMAGE,2021,11,2087
CRIMINAL DAMAGE,2021,12,2018
CRIMINAL DAMAGE,2022,1,1687
CRIMINAL DAMAGE,2022,2,1553
CRIMINAL DAMAGE,2022,3,1988
CRIMINAL DAMAGE,2022,4,2031
CRIMINAL DAMAGE,2022,5,2190
CRIMINAL DAMAGE,2022,6,2325
CRIMINAL DAMAGE,2022,7,2567
CRIMINAL DAMAGE,2022,8,2712
CRIMINAL DAMAGE,2022,9,2616
CRIMINAL DAMAGE,2022,10,2833
CRIMINAL DAMAGE,2022,11,2456
CRIMINAL DAMAGE,2022,12,2262
CRIMINAL DAMAGE,2023,1,2378
CRIMINAL DAMAGE,2023,2,1748
CRIMINAL SEXUAL ASSAULT,2013,1,11
CRIMINAL SEXUAL ASSAULT,2013,2,5
CRIMINAL SEXUAL ASSAULT,2013,3,7
CRIMINAL SEXUAL ASSAULT,2013,4,3
CRIMINAL SEXUAL ASSAULT,2013,5,3
CRIMINAL SEXUAL ASSAULT,2013,6,8
CRIMINAL SEXUAL ASSAULT,2013,7,6
CRIMINAL SEXUAL ASSAULT,2013,8,5
CRIMINAL SEXUAL ASSAULT,2013,9,2
CRIMINAL SEXUAL ASSAULT,2013,10,8
CRIMINAL SEXUAL ASSAULT,2013,11,2
CRIMINAL SEXUAL ASSAULT,2013,12,4
CRIMINAL SEXUAL ASSAULT,2014,1,13
CRIMINAL SEXUAL ASSAULT,2014,2,4
CRIMINAL SEXUAL ASSAULT,2014,3,4
CRIMINAL SEXUAL ASSAULT,2014,4,4
CRIMINAL SEXUAL ASSAULT,2014,5,3
CRIMINAL SEXUAL ASSAULT,2014,6,6
CRIMINAL SEXUAL ASSAULT,2014,7,6
CRIMINAL SEXUAL ASSAULT,2014,8,5
CRIMINAL SEXUAL ASSAULT,2014,9,8
CRIMINAL SEXUAL ASSAULT,2014,10,3
CRIMINAL SEXUAL ASSAULT,2014,11,4
CRIMINAL SEXUAL ASSAULT,2014,12,4
CRIMINAL SEXUAL ASSAULT,2015,1,16
CRIMINAL SEXUAL ASSAULT,2015,2,4
CRIMINAL SEXUAL ASSAULT,2015,3,6
CRIMINAL SEXUAL ASSAULT,2015,4,5
CRIMINAL SEXUAL ASSAULT,2015,5,4
CRIMINAL SEXUAL ASSAULT,2015,6,11
CRIMINAL SEXUAL ASSAULT,2015,7,6
CRIMINAL SEXUAL ASSAULT,2015,8,3
CRIMINAL SEXUAL ASSAULT,2015,9,9
CRIMINAL SEXUAL ASSAULT,2015,10,4
CRIMINAL SEXUAL ASSAULT,2015,11,7
CRIMINAL SEXUAL ASSAULT,2015,12,7
CRIMINAL SEXUAL ASSAULT,2016,1,16
CRIMINAL SEXUAL ASSAULT,2016,2,6
CRIMINAL SEXUAL ASSAULT,2016,3,11
CRIMINAL SEXUAL ASSAULT,2016,4,7
CRIMINAL SEXUAL ASSAULT,2016,5,7
CRIMINAL SEXUAL ASSAULT,2016,6,6
CRIMINAL SEXUAL ASSAULT,2016,7,9
CRIMINAL SEXUAL ASSAULT,2016,8,12
CRIMINAL SEXUAL ASSAULT,2016,9,11
CRIMINAL SEXUAL ASSAULT,2016,10,9
CRIMINAL SEXUAL ASSAULT,2016,11,10
CRIMINAL SEXUAL ASSAULT,2016,12,8
CRIMINAL SEXUAL ASSAULT,2017,1,25
CRIMINAL SEXUAL ASSAULT,2017,2,14
CRIMINAL SEXUAL ASSAULT,2017,3,12
CRIMINAL SEXUAL ASSAULT,2017,4,19
CRIMINAL SEXUAL ASSAULT,2017,5,9
CRIMINAL SEXUAL ASSAULT,2017,6,11
CRIMINAL SEXUAL ASSAULT,2017,7,14
CRIMINAL SEXUAL ASSAULT,2017,8,11
CRIMINAL SEXUAL ASSAULT,2017,9,14
CRIMINAL SEXUAL ASSAULT,2017,10,7
CRIMINAL SEXUAL ASSAULT,2017,11,18
CRIMINAL SEXUAL ASSAULT,2017,12,11
CRIMINAL SEXUAL ASSAULT,2018,1,24
CRIMINAL SEXUAL ASSAULT,2018,2,21
CRIMINAL SEXUAL ASSAULT,2018,3,11
CRIMINAL SEXUAL ASSAULT,2018,4,18
CRIMINAL SEXUAL ASSAULT,2018,5,19
CRIMINAL SEXUAL ASSAULT,2018,6,36
CRIMINAL SEXUAL ASSAULT,2018,7,26
CRIMINAL SEXUAL ASSAULT,2018,8,27
CRIMINAL SEXUAL ASSAULT,2018,9,26
CRIMINAL SEXUAL ASSAULT,2018,10,30
CRIMINAL SEXUAL ASSAULT,2018,11,34
CRIMINAL SEXUAL ASSAULT,2018,12,34
CRIMINAL SEXUAL ASSAULT,2019,1,50
CRIMINAL SEXUAL ASSAULT,2019,2,39
CRIMINAL SEXUAL ASSAULT,2019,3,56
CRIMINAL SEXUAL ASSAULT,2019,4,46
CRIMINAL SEXUAL ASSAULT,2019,5,69
CRIMINAL SEXUAL ASSAULT,2019,6,55
CRIMINAL SEXUAL ASSAULT,2019,7,75
CRIMINAL SEXUAL ASSAULT,2019,8,74
CRIMINAL SEXUAL ASSAULT,2019,9,79
CRIMINAL SEXUAL ASSAULT,2019,10,68
CRIMINAL SEXUAL ASSAULT,2019,11,61
CRIMINAL SEXUAL ASSAULT,2019,12,66
CRIMINAL SEXUAL ASSAULT,2020,1,98
CRIMINAL SEXUAL ASSAULT,2020,2,93
CRIMINAL SEXUAL ASSAULT,2020,3,107
CRIMINAL SEXUAL ASSAULT,2020,4,64
CRIMINAL SEXUAL ASSAULT,2020,5,94
CRIMINAL SEXUAL ASSAULT,2020,6,104
CRIMINAL SEXUAL ASSAULT,2020,7,117
CRIMINAL SEXUAL ASSAULT,2020,8,109
CRIMINAL SEXUAL ASSAULT,2020,9,97
CRIMINAL SEXUAL ASSAULT,2020,10,108
CRIMINAL SEXUAL ASSAULT,2020,11,96
CRIMINAL SEXUAL ASSAULT,2020,12,77
CRIMINAL SEXUAL ASSAULT,2021,1,84
CRIMINAL SEXUAL ASSAULT,2021,2,94
CRIMINAL SEXUAL ASSAULT,2021,3,129
CRIMINAL SEXUAL ASSAULT,2021,4,116
CRIMINAL SEXUAL ASSAULT,2021,5,133
CRIMINAL SEXUAL ASSAULT,2021,6,147
CRIMINAL SEXUAL ASSAULT,2021,7,147
CRIMINAL SEXUAL ASSAULT,2021,8,143
CRIMINAL SEXUAL ASSAULT,2021,9,121
CRIMINAL SEXUAL ASSAULT,2021,10,133
CRIMINAL SEXUAL ASSAULT,2021,11,127
CRIMINAL SEXUAL ASSAULT,2021,12,121
CRIMINAL SEXUAL ASSAULT,2022,1,109
CRIMINAL SEXUAL ASSAULT,2022,2,126
CRIMINAL SEXUAL ASSAULT,2022,3,118
CRIMINAL SEXUAL ASSAULT,2022,4,123
CRIMINAL SEXUAL ASSAULT,2022,5,145
CRIMINAL SEXUAL ASSAULT,2022,6,133
CRIMINAL SEXUAL ASSAULT,2022,7,150
CRIMINAL SEXUAL ASSAULT,2022,8,144
CRIMINAL SEXUAL ASSAULT,2022,9,140
CRIMINAL SEXUAL ASSAULT,2022,10,161
CRIMINAL SEXUAL ASSAULT,2022,11,108
CRIMINAL SEXUAL ASSAULT,2022,12,87
CRIMINAL SEXUAL ASSAULT,2023,1,115
CRIMINAL SEXUAL ASSAULT,2023,2,95
CRIMINAL TRESPASS,2013,1,741
CRIMINAL TRESPASS,2013,2,656
CRIMINAL TRESPASS,2013,3,699
CRIMINAL TRESPASS,2013,4,713
CRIMINAL TRESPASS,2013,5,729
CRIMINAL TRESPASS,2013,6,683
CRIMINAL TRESPASS,2013,7,680
CRIMINAL TRESPASS,2013,8,778
CRIMINAL TRESPASS,2013,9,633
CRIMINAL TRESPASS,2013,10,680
CRIMINAL TRESPASS,2013,11,614
CRIMINAL TRESPASS,2013,12,530
CRIMINAL TRESPASS,2014,1,576
CRIMINAL TRESPASS,2014,2,536
CRIMINAL TRESPASS,2014,3,703
CRIMINAL TRESPASS,2014,4,643
CRIMINAL TRESPASS,2014,5,648
CRIMINAL TRESPASS,2014,6,682
CRIMINAL TRESPASS,2014,7,708
CRIMINAL TRESPASS,2014,8,674
CRIMINAL TRESPASS,2014,9,606
CRIMINAL TRESPASS,2014,10,678
CRIMINAL TRESPASS,2014,11,556
CRIMINAL TRESPASS,2014,12,529
CRIMINAL TRESPASS,2015,1,577
CRIMINAL TRESPASS,2015,2,438
CRIMINAL TRESPASS,2015,3,583
CRIMINAL TRESPASS,2015,4,576
CRIMINAL TRESPASS,2015,5,559
CRIMINAL TRESPASS,2015,6,607
CRIMINAL TRESPASS,2015,7,542
CRIMINAL TRESPASS,2015,8,578
CRIMINAL TRESPASS,2015,9,487
CRIMINAL TRESPASS,2015,10,525
CRIMINAL TRESPASS,2015,11,488
CRIMINAL TRESPASS,2015,12,441
CRIMINAL TRESPASS,2016,1,462
CRIMINAL TRESPASS,2016,2,438
CRIMINAL TRESPASS,2016,3,500
CRIMINAL TRESPASS,2016,4,505
CRIMINAL TRESPASS,2016,5,585
CRIMINAL TRESPASS,2016,6,590
CRIMINAL TRESPASS,2016,7,568
CRIMINAL TRESPASS,2016,8,577
CRIMINAL TRESPASS,2016,9,579
CRIMINAL TRESPASS,2016,10,552
CRIMINAL TRESPASS,2016,11,485
CRIMINAL TRESPASS,2016,12,465
CRIMINAL TRESPASS,2017,1,573
CRIMINAL TRESPASS,2017,2,527
CRIMINAL TRESPASS,2017,3,548
CRIMINAL TRESPASS,2017,4,548
CRIMINAL TRESPASS,2017,5,631
CRIMINAL TRESPASS,2017,6,617
CRIMINAL TRESPASS,2017,7,622
CRIMINAL TRESPASS,2017,8,598
CRIMINAL TRESPASS,2017,9,539
CRIMINAL TRESPASS,2017,10,571
CRIMINAL TRESPASS,2017,11,533
CRIMINAL TRESPASS,2017,12,507
CRIMINAL TRESPASS,2018,1,579
CRIMINAL TRESPASS,2018,2,548
CRIMINAL TRESPASS,2018,3,586
CRIMINAL TRESPASS,2018,4,586
CRIMINAL TRESPASS,2018,5,599
CRIMINAL TRESPASS,2018,6,591
CRIMINAL TRESPASS,2018,7,597
CRIMINAL TRESPASS,2018,8,598
CRIMINAL TRESPASS,2018,9,606
CRIMINAL TRESPASS,2018,10,562
CRIMINAL TRESPASS,2018,11,501
CRIMINAL TRESPASS,2018,12,555
CRIMINAL TRESPASS,2019,1,563
CRIMINAL TRESPASS,2019,2,497
CRIMINAL TRESPASS,2019,3,515
CRIMINAL TRESPASS,2019,4,562
CRIMINAL TRESPASS,2019,5,645
CRIMINAL TRESPASS,2019,6,579
CRIMINAL TRESPASS,2019,7,626
CRIMINAL TRESPASS,2019,8,591
CRIMINAL TRESPASS,2019,9,611
CRIMINAL TRESPASS,2019,10,578
CRIMINAL TRESPASS,2019,11,542
CRIMINAL TRESPASS,2019,12,509
CRIMINAL TRESPASS,2020,1,575
CRIMINAL TRESPASS,2020,2,535
CRIMINAL TRESPASS,2020,3,394
CRIMINAL TRESPASS,2020,4,235
CRIMINAL TRESPASS,2020,5,277
CRIMINAL TRESPASS,2020,6,285
CRIMINAL TRESPASS,2020,7,309
CRIMINAL TRESPASS,2020,8,342
CRIMINAL TRESPASS,2020,9,374
CRIMINAL TRESPASS,2020,10,315
CRIMINAL TRESPASS,2020,11,271
CRIMINAL TRESPASS,2020,12,265
CRIMINAL TRESPASS,2021,1,254
CRIMINAL TRESPASS,2021,2,214
CRIMINAL TRESPASS,2021,3,279
CRIMINAL TRESPASS,2021,4,271
CRIMINAL TRESPASS,2021,5,272
CRIMINAL TRESPASS,2021,6,279
CRIMINAL TRESPASS,2021,7,308
CRIMINAL TRESPASS,2021,8,283
CRIMINAL TRESPASS,2021,9,338
CRIMINAL TRESPASS,2021,10,327
CRIMINAL TRESPASS,2021,11,303
CRIMINAL TRESPASS,2021,12,278
CRIMINAL TRESPASS,2022,1,263
CRIMINAL TRESPASS,2022,2,292
CRIMINAL TRESPASS,2022,3,363
CRIMINAL TRESPASS,2022,4,355
CRIMINAL TRESPASS,2022,5,388
CRIMINAL TRESPASS,2022,6,365
CRIMINAL TRESPASS,2022,7,381
CRIMINAL TRESPASS,2022,8,391
CRIMINAL TRESPASS,2022,9,378
CRIMINAL TRESPASS,2022,10,372
CRIMINAL TRESPASS,2022,11,331
CRIMINAL TRESPASS,2022,12,338
CRIMINAL TRESPASS,2023,1,381
CRIMINAL TRESPASS,2023,2,350
DECEPTIVE PRACTICE,2013,1,1313
DECEPTIVE PRACTICE,2013,2,1072
DECEPTIVE PRACTICE,2013,3,1203
DECEPTIVE PRACTICE,2013,4,1213
DECEPTIVE PRACTICE,2013,5,1199
DECEPTIVE PRACTICE,2013,6,1075
DECEPTIVE PRACTICE,2013,7,1133
DECEPTIVE PRACTICE,2013,8,1155
DECEPTIVE PRACTICE,2013,9,1067
DECEPTIVE PRACTICE,2013,10,1117
DECEPTIVE PRACTICE,2013,11,1222
DECEPTIVE PRACTICE,2013,12,1141
DECEPTIVE PRACTICE,2014,1,1327
DECEPTIVE PRACTICE,2014,2,1112
DECEPTIVE PRACTICE,2014,3,1602
DECEPTIVE PRACTICE,2014,4,1406
DECEPTIVE PRACTICE,2014,5,1264
DECEPTIVE PRACTICE,2014,6,1382
DECEPTIVE PRACTICE,2014,7,1353
DECEPTIVE PRACTICE,2014,8,1378
DECEPTIVE PRACTICE,2014,9,1338
DECEPTIVE PRACTICE,2014,10,1291
DECEPTIVE PRACTICE,2014,11,1185
DECEPTIVE PRACTICE,2014,12,1307
DECEPTIVE PRACTICE,2015,1,1349
DECEPTIVE PRACTICE,2015,2,1328
DECEPTIVE PRACTICE,2015,3,1447
DECEPTIVE PRACTICE,2015,4,1494
DECEPTIVE PRACTICE,2015,5,1325
DECEPTIVE PRACTICE,2015,6,1314
DECEPTIVE PRACTICE,2015,7,1392
DECEPTIVE PRACTICE,2015,8,1385
DECEPTIVE PRACTICE,2015,9,1349
DECEPTIVE PRACTICE,2015,10,1381
DECEPTIVE PRACTICE,2015,11,1264
DECEPTIVE PRACTICE,2015,12,1405
DECEPTIVE PRACTICE,2016,1,1655
DECEPTIVE PRACTICE,2016,2,1531
DECEPTIVE PRACTICE,2016,3,1591
DECEPTIVE PRACTICE,2016,4,1574
DECEPTIVE PRACTICE,2016,5,1477
DECEPTIVE PRACTICE,2016,6,1704
DECEPTIVE PRACTICE,2016,7,1532
DECEPTIVE PRACTICE,2016,8,1712
DECEPTIVE PRACTICE,2016,9,1628
DECEPTIVE PRACTICE,2016,10,1713
DECEPTIVE PRACTICE,2016,11,1490
DECEPTIVE PRACTICE,2016,12,1719
DECEPTIVE PRACTICE,2017,1,1814
DECEPTIVE PRACTICE,2017,2,1535
DECEPTIVE PRACTICE,2017,3,1651
DECEPTIVE PRACTICE,2017,4,1561
DECEPTIVE PRACTICE,2017,5,1565
DECEPTIVE PRACTICE,2017,6,1608
DECEPTIVE PRACTICE,2017,7,1646
DECEPTIVE PRACTICE,2017,8,1654
DECEPTIVE PRACTICE,2017,9,1644
DECEPTIVE PRACTICE,2017,10,1640
DECEPTIVE PRACTICE,2017,11,1583
DECEPTIVE PRACTICE,2017,12,1746
DECEPTIVE PRACTICE,2018,1,1649
DECEPTIVE PRACTICE,2018,2,1493
DECEPTIVE PRACTICE,2018,3,1710
DECEPTIVE PRACTICE,2018,4,1609
DECEPTIVE PRACTICE,2018,5,1735
DECEPTIVE PRACTICE,2018,6,1669
DECEPTIVE PRACTICE,2018,7,1767
DECEPTIVE PRACTICE,2018,8,1787
DECEPTIVE PRACTICE,2018,9,1575
DECEPTIVE PRACTICE,2018,10,1608
DECEPTIVE PRACTICE,2018,11,1511
DECEPTIVE PRACTICE,2018,12,1685
DECEPTIVE PRACTICE,2019,1,1601
DECEPTIVE PRACTICE,2019,2,1388
DECEPTIVE PRACTICE,2019,3,1557
DECEPTIVE PRACTICE,2019,4,1557
DECEPTIVE PRACTICE,2019,5,1629
DECEPTIVE PRACTICE,2019,6,1533
DECEPTIVE PRACTICE,2019,7,1685
DECEPTIVE PRACTICE,2019,8,1683
DECEPTIVE PRACTICE,2019,9,1549
DECEPTIVE PRACTICE,2019,10,1612
DECEPTIVE PRACTICE,2019,11,1621
DECEPTIVE PRACTICE,2019,12,1564
DECEPTIVE PRACTICE,2020,1,1595
DECEPTIVE PRACTICE,2020,2,1378
DECEPTIVE PRACTICE,2020,3,1210
DECEPTIVE PRACTICE,2020,4,1109
DECEPTIVE PRACTICE,2020,5,1036
DECEPTIVE PRACTICE,2020,6,1150
DECEPTIVE PRACTICE,2020,7,1375
DECEPTIVE PRACTICE,2020,8,1192
DECEPTIVE PRACTICE,2020,9,1193
DECEPTIVE PRACTICE,2020,10,2055
DECEPTIVE PRACTICE,2020,11,2042
DECEPTIVE PRACTICE,2020,12,2863
DECEPTIVE PRACTICE,2021,1,2555
DECEPTIVE PRACTICE,2021,2,1612
DECEPTIVE PRACTICE,2021,3,1612
DECEPTIVE PRACTICE,2021,4,1188
DECEPTIVE PRACTICE,2021,5,1256
DECEPTIVE PRACTICE,2021,6,1493
DECEPTIVE PRACTICE,2021,7,1319
DECEPTIVE PRACTICE,2021,8,1299
DECEPTIVE PRACTICE,2021,9,1278
DECEPTIVE PRACTICE,2021,10,1227
DECEPTIVE PRACTICE,2021,11,1152
DECEPTIVE PRACTICE,2021,12,1155
DECEPTIVE PRACTICE,2022,1,1250
DECEPTIVE PRACTICE,2022,2,1037
DECEPTIVE PRACTICE,2022,3,1376
DECEPTIVE PRACTICE,2022,4,1298
DECEPTIVE PRACTICE,2022,5,1259
DECEPTIVE PRACTICE,2022,6,1303
DECEPTIVE PRACTICE,2022,7,1259
DECEPTIVE PRACTICE,2022,8,1371
DECEPTIVE PRACTICE,2022,9,1476
DECEPTIVE PRACTICE,2022,10,1489
DECEPTIVE PRACTICE,2022,11,1348
DECEPTIVE PRACTICE,2022,12,1323
DECEPTIVE PRACTICE,2023,1,1228
DECEPTIVE PRACTICE,2023,2,961
GAMBLING,2013,1,1
GAMBLING,2013,2,13
GAMBLING,2013,3,13
GAMBLING,2013,4,54
GAMBLING,2013,5,81
GAMBLING,2013,6,98
GAMBLING,2013,7,102
GAMBLING,2013,8,81
GAMBLING,2013,9,88
GAMBLING,2013,10,55
GAMBLING,2013,11,9
GAMBLING,2013,12,1
GAMBLING,2014,1,1
GAMBLING,2014,2,2
GAMBLING,2014,3,12
GAMBLING,2014,4,36
GAMBLING,2014,5,41
GAMBLING,2014,6,62
GAMBLING,2014,7,61
GAMBLING,2014,8,69
GAMBLING,2014,9,53
GAMBLING,2014,10,41
GAMBLING,2014,11,11
GAMBLING,2014,12,4
GAMBLING,2015,1,5
GAMBLING,2015,2,2
GAMBLING,2015,3,24
GAMBLING,2015,4,33
GAMBLING,2015,5,42
GAMBLING,2015,6,35
GAMBLING,2015,7,42
GAMBLING,2015,8,64
GAMBLING,2015,9,41
GAMBLING,2015,10,14
GAMBLING,2015,11,6
GAMBLING,2015,12,2
GAMBLING,2016,1,3
GAMBLING,2016,2,4
GAMBLING,2016,3,14
GAMBLING,2016,4,23
GAMBLING,2016,5,21
GAMBLING,2016,6,25
GAMBLING,2016,7,29
GAMBLING,2016,8,28
GAMBLING,2016,9,24
GAMBLING,2016,10,12
GAMBLING,2016,11,6
GAMBLING,2017,1,1
GAMBLING,2017,2,9
GAMBLING,2017,3,4
GAMBLING,2017,4,21
GAMBLING,2017,5,20
GAMBLING,2017,6,30
GAMBLING,2017,7,21
GAMBLING,2017,8,34
GAMBLING,2017,9,23
GAMBLING,2017,10,17
GAMBLING,2017,11,9
GAMBLING,2017,12,2
GAMBLING,2018,1,5
GAMBLING,2018,2,1
GAMBLING,2018,3,8
GAMBLING,2018,4,10
GAMBLING,2018,5,23
GAMBLING,2018,6,34
GAMBLING,2018,7,42
GAMBLING,2018,8,39
GAMBLING,2018,9,18
GAMBLING,2018,10,13
GAMBLING,2018,11,6
GAMBLING,2018,12,2
GAMBLING,2019,1,4
GAMBLING,2019,2,2
GAMBLING,2019,3,5
GAMBLING,2019,4,3
GAMBLING,2019,5,14
GAMBLING,2019,6,28
GAMBLING,2019,7,13
GAMBLING,2019,8,31
GAMBLING,2019,9,24
GAMBLING,2019,10,12
GAMBLING,2019,11,4
GAMBLING,2019,12,2
GAMBLING,2020,1,2
GAMBLING,2020,3,4
GAMBLING,2020,5,1
GAMBLING,2020,6,6
GAMBLING,2020,7,2
GAMBLING,2020,8,3
GAMBLING,2020,9,3
GAMBLING,2020,10,1
GAMBLING,2020,11,3
GAMBLING,2021,3,1
GAMBLING,2021,4,2
GAMBLING,2021,5,1
GAMBLING,2021,6,3
GAMBLING,2021,7,1
GAMBLING,2021,9,1
GAMBLING,2021,10,3
GAMBLING,2021,11,1
GAMBLING,2022,3,1
GAMBLING,2022,5,3
GAMBLING,2022,6,1
GAMBLING,2022,7,2
GAMBLING,2022,8,2
GAMBLING,2023,1,1
HOMICIDE,2013,1,42
HOMICIDE,2013,2,14
HOMICIDE,2013,3,17
HOMICIDE,2013,4,25
HOMICIDE,2013,5,47
HOMICIDE,2013,6,45
HOMICIDE,2013,7,47
HOMICIDE,2013,8,51
HOMICIDE,2013,9,43
HOMICIDE,2013,10,33
HOMICIDE,2013,11,29
HOMICIDE,2013,12,38
HOMICIDE,2014,1,20
HOMICIDE,2014,2,21
HOMICIDE,2014,3,24
HOMICIDE,2014,4,37
HOMICIDE,2014,5,41
HOMICIDE,2014,6,37
HOMICIDE,2014,7,38
HOMICIDE,2014,8,48
HOMICIDE,2014,9,46
HOMICIDE,2014,10,38
HOMICIDE,2014,11,39
HOMICIDE,2014,12,40
HOMICIDE,2015,1,30
HOMICIDE,2015,2,20
HOMICIDE,2015,3,35
HOMICIDE,2015,4,36
HOMICIDE,2015,5,50
HOMICIDE,2015,6,49
HOMICIDE,2015,7,57
HOMICIDE,2015,8,55
HOMICIDE,2015,9,65
HOMICIDE,2015,10,32
HOMICIDE,2015,11,39
HOMICIDE,2015,12,34
HOMICIDE,2016,1,54
HOMICIDE,2016,2,47
HOMICIDE,2016,3,45
HOMICIDE,2016,4,40
HOMICIDE,2016,5,69
HOMICIDE,2016,6,81
HOMICIDE,2016,7,70
HOMICIDE,2016,8,96
HOMICIDE,2016,9,66
HOMICIDE,2016,10,83
HOMICIDE,2016,11,80
HOMICIDE,2016,12,59
HOMICIDE,2017,1,55
HOMICIDE,2017,2,50
HOMICIDE,2017,3,42
HOMICIDE,2017,4,49
HOMICIDE,2017,5,57
HOMICIDE,2017,6,87
HOMICIDE,2017,7,76
HOMICIDE,2017,8,59
HOMICIDE,2017,9,61
HOMICIDE,2017,10,60
HOMICIDE,2017,11,41
HOMICIDE,2017,12,39
HOMICIDE,2018,1,43
HOMICIDE,2018,2,43
HOMICIDE,2018,3,34
HOMICIDE,2018,4,43
HOMICIDE,2018,5,54
HOMICIDE,2018,6,57
HOMICIDE,2018,7,63
HOMICIDE,2018,8,59
HOMICIDE,2018,9,55
HOMICIDE,2018,10,59
HOMICIDE,2018,11,47
HOMICIDE,2018,12,44
HOMICIDE,2019,1,23
HOMICIDE,2019,2,25
HOMICIDE,2019,3,37
HOMICIDE,2019,4,61
HOMICIDE,2019,5,55
HOMICIDE,2019,6,52
HOMICIDE,2019,7,44
HOMICIDE,2019,8,51
HOMICIDE,2019,9,51
HOMICIDE,2019,10,41
HOMICIDE,2019,11,34
HOMICIDE,2019,12,34
HOMICIDE,2020,1,36
HOMICIDE,2020,2,38
HOMICIDE,2020,3,30
HOMICIDE,2020,4,62
HOMICIDE,2020,5,86
HOMICIDE,2020,6,94
HOMICIDE,2020,7,111
HOMICIDE,2020,8,68
HOMICIDE,2020,9,83
HOMICIDE,2020,10,68
HOMICIDE,2020,11,63
HOMICIDE,2020,12,57
HOMICIDE,2021,1,55
HOMICIDE,2021,2,39
HOMICIDE,2021,3,45
HOMICIDE,2021,4,55
HOMICIDE,2021,5,66
HOMICIDE,2021,6,84
HOMICIDE,2021,7,112
HOMICIDE,2021,8,83
HOMICIDE,2021,9,92
HOMICIDE,2021,10,63
HOMICIDE,2021,11,62
HOMICIDE,2021,12,54
HOMICIDE,2022,1,53
HOMICIDE,2022,2,45
HOMICIDE,2022,3,39
HOMICIDE,2022,4,54
HOMICIDE,2022,5,63
HOMICIDE,2022,6,73
HOMICIDE,2022,7,68
HOMICIDE,2022,8,69
HOMICIDE,2022,9,74
HOMICIDE,2022,10,65
HOMICIDE,2022,11,56
HOMICIDE,2022,12,59
HOMICIDE,2023,1,44
HOMICIDE,2023,2,31
HUMAN TRAFFICKING,2013,1,2
HUMAN TRAFFICKING,2014,6,1
HUMAN TRAFFICKING,2014,12,1
HUMAN TRAFFICKING,2015,1,3
HUMAN TRAFFICKING,2015,4,1
HUMAN TRAFFICKING,2015,6,2
HUMAN TRAFFICKING,2015,7,2
HUMAN TRAFFICKING,2015,8,1
HUMAN TRAFFICKING,2015,9,2
HUMAN TRAFFICKING,2015,10,2
HUMAN TRAFFICKING,2016,2,1
HUMAN TRAFFICKING,2016,3,1
HUMAN TRAFFICKING,2016,4,1
HUMAN TRAFFICKING,2016,5,1
HUMAN TRAFFICKING,2016,7,1
HUMAN TRAFFICKING,2016,8,2
HUMAN TRAFFICKING,2016,9,3
HUMAN TRAFFICKING,2016,10,1
HUMAN TRAFFICKING,2017,1,1
HUMAN TRAFFICKING,2017,3,4
HUMAN TRAFFICKING,2017,5,1
HUMAN TRAFFICKING,2017,8,1
HUMAN TRAFFICKING,2017,9,1
HUMAN TRAFFICKING,2017,10,2
HUMAN TRAFFICKING,2018,1,2
HUMAN TRAFFICKING,2018,2,1
HUMAN TRAFFICKING,2018,3,2
HUMAN TRAFFICKING,2018,8,1
HUMAN TRAFFICKING,2018,9,3
HUMAN TRAFFICKING,2018,10,1
HUMAN TRAFFICKING,2018,12,2
HUMAN TRAFFICKING,2019,1,3
HUMAN TRAFFICKING,2019,3,1
HUMAN TRAFFICKING,2019,4,1
HUMAN TRAFFICKING,2019,6,4
HUMAN TRAFFICKING,2019,7,1
HUMAN TRAFFICKING,2019,8,3
HUMAN TRAFFICKING,2019,9,1
HUMAN TRAFFICKING,2019,10,1
HUMAN TRAFFICKING,2020,2,2
HUMAN TRAFFICKING,2020,5,1
HUMAN TRAFFICKING,2020,7,1
HUMAN TRAFFICKING,2020,9,1
HUMAN TRAFFICKING,2021,1,2
HUMAN TRAFFICKING,2021,2,1
HUMAN TRAFFICKING,2021,5,2
HUMAN TRAFFICKING,2021,7,1
HUMAN TRAFFICKING,2021,9,3
HUMAN TRAFFICKING,2021,10,1
HUMAN TRAFFICKING,2021,11,1
HUMAN TRAFFICKING,2022,1,2
HUMAN TRAFFICKING,2022,2,4
HUMAN TRAFFICKING,2022,3,2
HUMAN TRAFFICKING,2022,6,2
HUMAN TRAFFICKING,2022,7,2
HUMAN TRAFFICKING,2022,8,1
HUMAN TRAFFICKING,2022,9,1
HUMAN TRAFFICKING,2022,10,2
HUMAN TRAFFICKING,2022,12,1
INTERFERENCE WITH PUBLIC OFFICER,2013,1,101
INTERFERENCE WITH PUBLIC OFFICER,2013,2,75
INTERFERENCE WITH PUBLIC OFFICER,2013,3,119
INTERFERENCE WITH PUBLIC OFFICER,2013,4,130
INTERFERENCE WITH PUBLIC OFFICER,2013,5,128
INTERFERENCE WITH PUBLIC OFFICER,2013,6,122
INTERFERENCE WITH PUBLIC OFFICER,2013,7,108
INTERFERENCE WITH PUBLIC OFFICER,2013,8,129
INTERFERENCE WITH PUBLIC OFFICER,2013,9,110
INTERFERENCE WITH PUBLIC OFFICER,2013,10,86
INTERFERENCE WITH PUBLIC OFFICER,2013,11,79
INTERFERENCE WITH PUBLIC OFFICER,2013,12,94
INTERFERENCE WITH PUBLIC OFFICER,2014,1,90
INTERFERENCE WITH PUBLIC OFFICER,2014,2,84
INTERFERENCE WITH PUBLIC OFFICER,2014,3,92
INTERFERENCE WITH PUBLIC OFFICER,2014,4,112
INTERFERENCE WITH PUBLIC OFFICER,2014,5,131
INTERFERENCE WITH PUBLIC OFFICER,2014,6,140
INTERFERENCE WITH PUBLIC OFFICER,2014,7,158
INTERFERENCE WITH PUBLIC OFFICER,2014,8,167
INTERFERENCE WITH PUBLIC OFFICER,2014,9,138
INTERFERENCE WITH PUBLIC OFFICER,2014,10,110
INTERFERENCE WITH PUBLIC OFFICER,2014,11,97
INTERFERENCE WITH PUBLIC OFFICER,2014,12,80
INTERFERENCE WITH PUBLIC OFFICER,2015,1,112
INTERFERENCE WITH PUBLIC OFFICER,2015,2,109
INTERFERENCE WITH PUBLIC OFFICER,2015,3,113
INTERFERENCE WITH PUBLIC OFFICER,2015,4,90
INTERFERENCE WITH PUBLIC OFFICER,2015,5,116
INTERFERENCE WITH PUBLIC OFFICER,2015,6,129
INTERFERENCE WITH PUBLIC OFFICER,2015,7,109
INTERFERENCE WITH PUBLIC OFFICER,2015,8,134
INTERFERENCE WITH PUBLIC OFFICER,2015,9,115
INTERFERENCE WITH PUBLIC OFFICER,2015,10,109
INTERFERENCE WITH PUBLIC OFFICER,2015,11,103
INTERFERENCE WITH PUBLIC OFFICER,2015,12,69
INTERFERENCE WITH PUBLIC OFFICER,2016,1,46
INTERFERENCE WITH PUBLIC OFFICER,2016,2,44
INTERFERENCE WITH PUBLIC OFFICER,2016,3,85
INTERFERENCE WITH PUBLIC OFFICER,2016,4,91
INTERFERENCE WITH PUBLIC OFFICER,2016,5,90
INTERFERENCE WITH PUBLIC OFFICER,2016,6,109
INTERFERENCE WITH PUBLIC OFFICER,2016,7,73
INTERFERENCE WITH PUBLIC OFFICER,2016,8,79
INTERFERENCE WITH PUBLIC OFFICER,2016,9,84
INTERFERENCE WITH PUBLIC OFFICER,2016,10,97
INTERFERENCE WITH PUBLIC OFFICER,2016,11,78
INTERFERENCE WITH PUBLIC OFFICER,2016,12,60
INTERFERENCE WITH PUBLIC OFFICER,2017,1,84
INTERFERENCE WITH PUBLIC OFFICER,2017,2,85
INTERFERENCE WITH PUBLIC OFFICER,2017,3,81
INTERFERENCE WITH PUBLIC OFFICER,2017,4,98
INTERFERENCE WITH PUBLIC OFFICER,2017,5,105
INTERFERENCE WITH PUBLIC OFFICER,2017,6,97
INTERFERENCE WITH PUBLIC OFFICER,2017,7,107
INTERFERENCE WITH PUBLIC OFFICER,2017,8,104
INTERFERENCE WITH PUBLIC OFFICER,2017,9,86
INTERFERENCE WITH PUBLIC OFFICER,2017,10,89
INTERFERENCE WITH PUBLIC OFFICER,2017,11,72
INTERFERENCE WITH PUBLIC OFFICER,2017,12,79
INTERFERENCE WITH PUBLIC OFFICER,2018,1,86
INTERFERENCE WITH PUBLIC OFFICER,2018,2,93
INTERFERENCE WITH PUBLIC OFFICER,2018,3,119
INTERFERENCE WITH PUBLIC OFFICER,2018,4,106
INTERFERENCE WITH PUBLIC OFFICER,2018,5,123
INTERFERENCE WITH PUBLIC OFFICER,2018,6,115
INTERFERENCE WITH PUBLIC OFFICER,2018,7,132
INTERFERENCE WITH PUBLIC OFFICER,2018,8,127
INTERFERENCE WITH PUBLIC OFFICER,2018,9,117
INTERFERENCE WITH PUBLIC OFFICER,2018,10,104
INTERFERENCE WITH PUBLIC OFFICER,2018,11,88
INTERFERENCE WITH PUBLIC OFFICER,2018,12,97
INTERFERENCE WITH PUBLIC OFFICER,2019,1,94
INTERFERENCE WITH PUBLIC OFFICER,2019,2,110
INTERFERENCE WITH PUBLIC OFFICER,2019,3,100
INTERFERENCE WITH PUBLIC OFFICER,2019,4,112
INTERFERENCE WITH PUBLIC OFFICER,2019,5,164
INTERFERENCE WITH PUBLIC OFFICER,2019,6,144
INTERFERENCE WITH PUBLIC OFFICER,2019,7,183
INTERFERENCE WITH PUBLIC OFFICER,2019,8,183
INTERFERENCE WITH PUBLIC OFFICER,2019,9,136
INTERFERENCE WITH PUBLIC OFFICER,2019,10,107
INTERFERENCE WITH PUBLIC OFFICER,2019,11,103
INTERFERENCE WITH PUBLIC OFFICER,2019,12,110
INTERFERENCE WITH PUBLIC OFFICER,2020,1,121
INTERFERENCE WITH PUBLIC OFFICER,2020,2,116
INTERFERENCE WITH PUBLIC OFFICER,2020,3,81
INTERFERENCE WITH PUBLIC OFFICER,2020,4,17
INTERFERENCE WITH PUBLIC OFFICER,2020,5,37
INTERFERENCE WITH PUBLIC OFFICER,2020,6,28
INTERFERENCE WITH PUBLIC OFFICER,2020,7,43
INTERFERENCE WITH PUBLIC OFFICER,2020,8,50
INTERFERENCE WITH PUBLIC OFFICER,2020,9,34
INTERFERENCE WITH PUBLIC OFFICER,2020,10,53
INTERFERENCE WITH PUBLIC OFFICER,2020,11,34
INTERFERENCE WITH PUBLIC OFFICER,2020,12,40
INTERFERENCE WITH PUBLIC OFFICER,2021,1,34
INTERFERENCE WITH PUBLIC OFFICER,2021,2,20
INTERFERENCE WITH PUBLIC OFFICER,2021,3,33
INTERFERENCE WITH PUBLIC OFFICER,2021,4,21
INTERFERENCE WITH PUBLIC OFFICER,2021,5,26
INTERFERENCE WITH PUBLIC OFFICER,2021,6,28
INTERFERENCE WITH PUBLIC OFFICER,2021,7,26
INTERFERENCE WITH PUBLIC OFFICER,2021,8,24
INTERFERENCE WITH PUBLIC OFFICER,2021,9,28
INTERFERENCE WITH PUBLIC OFFICER,2021,10,23
INTERFERENCE WITH PUBLIC OFFICER,2021,11,24
INTERFERENCE WITH PUBLIC OFFICER,2021,12,27
INTERFERENCE WITH PUBLIC OFFICER,2022,1,20
INTERFERENCE WITH PUBLIC OFFICER,2022,2,40
INTERFERENCE WITH PUBLIC OFFICER,2022,3,25
INTERFERENCE WITH PUBLIC OFFICER,2022,4,27
INTERFERENCE WITH PUBLIC OFFICER,2022,5,40
INTERFERENCE WITH PUBLIC OFFICER,2022,6,45
INTERFERENCE WITH PUBLIC OFFICER,2022,7,41
INTERFERENCE WITH PUBLIC OFFICER,2022,8,33
INTERFERENCE WITH PUBLIC OFFICER,2022,9,38
INTERFERENCE WITH PUBLIC OFFICER,2022,10,37
INTERFERENCE WITH PUBLIC OFFICER,2022,11,24
INTERFERENCE WITH PUBLIC OFFICER,2022,12,21
INTERFERENCE WITH PUBLIC OFFICER,2023,1,32
INTERFERENCE WITH PUBLIC OFFICER,2023,2,50
INTIMIDATION,2013,1,5
INTIMIDATION,2013,2,11
INTIMIDATION,2013,3,10
INTIMIDATION,2013,4,14
INTIMIDATION,2013,5,17
INTIMIDATION,2013,6,8
INTIMIDATION,2013,7,14
INTIMIDATION,2013,8,15
INTIMIDATION,2013,9,9
INTIMIDATION,2013,10,12
INTIMIDATION,2013,11,8
INTIMIDATION,2013,12,12
INTIMIDATION,2014,1,10
INTIMIDATION,2014,2,4
INTIMIDATION,2014,3,12
INTIMIDATION,2014,4,5
INTIMIDATION,2014,5,10
INTIMIDATION,2014,6,12
INTIMIDATION,2014,7,11
INTIMIDATION,2014,8,15
INTIMIDATION,2014,9,14
INTIMIDATION,2014,10,9
INTIMIDATION,2014,11,5
INTIMIDATION,2014,12,8
INTIMIDATION,2015,1,8
INTIMIDATION,2015,2,8
INTIMIDATION,2015,3,15
INTIMIDATION,2015,4,8
INTIMIDATION,2015,5,11
INTIMIDATION,2015,6,10
INTIMIDATION,2015,7,10
INTIMIDATION,2015,8,15
INTIMIDATION,2015,9,10
INTIMIDATION,2015,10,13
INTIMIDATION,2015,11,4
INTIMIDATION,2015,12,11
INTIMIDATION,2016,1,10
INTIMIDATION,2016,2,8
INTIMIDATION,2016,3,9
INTIMIDATION,2016,4,9
INTIMIDATION,2016,5,12
INTIMIDATION,2016,6,14
INTIMIDATION,2016,7,10
INTIMIDATION,2016,8,15
INTIMIDATION,2016,9,11
INTIMIDATION,2016,10,11
INTIMIDATION,2016,11,14
INTIMIDATION,2016,12,13
INTIMIDATION,2017,1,9
INTIMIDATION,2017,2,15
INTIMIDATION,2017,3,14
INTIMIDATION,2017,4,11
INTIMIDATION,2017,5,8
INTIMIDATION,2017,6,15
INTIMIDATION,2017,7,13
INTIMIDATION,2017,8,16
INTIMIDATION,2017,9,15
INTIMIDATION,2017,10,11
INTIMIDATION,2017,11,9
INTIMIDATION,2017,12,14
INTIMIDATION,2018,1,5
INTIMIDATION,2018,2,9
INTIMIDATION,2018,3,13
INTIMIDATION,2018,4,8
INTIMIDATION,2018,5,14
INTIMIDATION,2018,6,14
INTIMIDATION,2018,7,24
INTIMIDATION,2018,8,19
INTIMIDATION,2018,9,14
INTIMIDATION,2018,10,18
INTIMIDATION,2018,11,15
INTIMIDATION,2018,12,15
INTIMIDATION,2019,1,21
INTIMIDATION,2019,2,10
INTIMIDATION,2019,3,10
INTIMIDATION,2019,4,18
INTIMIDATION,2019,5,12
INTIMIDATION,2019,6,10
INTIMIDATION,2019,7,17
INTIMIDATION,2019,8,17
INTIMIDATION,2019,9,19
INTIMIDATION,2019,10,13
INTIMIDATION,2019,11,8
INTIMIDATION,2019,12,8
INTIMIDATION,2020,1,9
INTIMIDATION,2020,2,13
INTIMIDATION,2020,3,8
INTIMIDATION,2020,4,5
INTIMIDATION,2020,5,10
INTIMIDATION,2020,6,21
INTIMIDATION,2020,7,21
INTIMIDATION,2020,8,15
INTIMIDATION,2020,9,20
INTIMIDATION,2020,10,20
INTIMIDATION,2020,11,13
INTIMIDATION,2020,12,8
INTIMIDATION,2021,1,9
INTIMIDATION,2021,2,4
INTIMIDATION,2021,3,12
INTIMIDATION,2021,4,14
INTIMIDATION,2021,5,16
INTIMIDATION,2021,6,9
INTIMIDATION,2021,7,9
INTIMIDATION,2021,8,8
INTIMIDATION,2021,9,9
INTIMIDATION,2021,10,13
INTIMIDATION,2021,11,5
INTIMIDATION,2021,12,14
INTIMIDATION,2022,1,14
INTIMIDATION,2022,2,6
INTIMIDATION,2022,3,18
INTIMIDATION,2022,4,11
INTIMIDATION,2022,5,10
INTIMIDATION,2022,6,11
INTIMIDATION,2022,7,16
INTIMIDATION,2022,8,15
INTIMIDATION,2022,9,17
INTIMIDATION,2022,10,23
INTIMIDATION,2022,11,19
INTIMIDATION,2022,12,19
INTIMIDATION,2023,1,25
INTIMIDATION,2023,2,20
KIDNAPPING,2013,1,23
KIDNAPPING,2013,2,22
KIDNAPPING,2013,3,19
KIDNAPPING,2013,4,11
KIDNAPPING,2013,5,26
KIDNAPPING,2013,6,27
KIDNAPPING,2013,7,21
KIDNAPPING,2013,8,26
KIDNAPPING,2013,9,18
KIDNAPPING,2013,10,12
KIDNAPPING,2013,11,23
KIDNAPPING,2013,12,14
KIDNAPPING,2014,1,20
KIDNAPPING,2014,2,15
KIDNAPPING,2014,3,22
KIDNAPPING,2014,4,12
KIDNAPPING,2014,5,20
KIDNAPPING,2014,6,22
KIDNAPPING,2014,7,20
KIDNAPPING,2014,8,22
KIDNAPPING,2014,9,21
KIDNAPPING,2014,10,20
KIDNAPPING,2014,11,13
KIDNAPPING,2014,12,13
KIDNAPPING,2015,1,15
KIDNAPPING,2015,2,14
KIDNAPPING,2015,3,19
KIDNAPPING,2015,4,14
KIDNAPPING,2015,5,14
KIDNAPPING,2015,6,8
KIDNAPPING,2015,7,15
KIDNAPPING,2015,8,21
KIDNAPPING,2015,9,17
KIDNAPPING,2015,10,16
KIDNAPPING,2015,11,18
KIDNAPPING,2015,12,19
KIDNAPPING,2016,1,23
KIDNAPPING,2016,2,10
KIDNAPPING,2016,3,15
KIDNAPPING,2016,4,19
KIDNAPPING,2016,5,14
KIDNAPPING,2016,6,26
KIDNAPPING,2016,7,15
KIDNAPPING,2016,8,22
KIDNAPPING,2016,9,17
KIDNAPPING,2016,10,15
KIDNAPPING,2016,11,15
KIDNAPPING,2016,12,11
KIDNAPPING,2017,1,8
KIDNAPPING,2017,2,13
KIDNAPPING,2017,3,18
KIDNAPPING,2017,4,15
KIDNAPPING,2017,5,19
KIDNAPPING,2017,6,16
KIDNAPPING,2017,7,23
KIDNAPPING,2017,8,13
KIDNAPPING,2017,9,22
KIDNAPPING,2017,10,11
KIDNAPPING,2017,11,16
KIDNAPPING,2017,12,16
KIDNAPPING,2018,1,16
KIDNAPPING,2018,2,14
KIDNAPPING,2018,3,14
KIDNAPPING,2018,4,12
KIDNAPPING,2018,5,17
KIDNAPPING,2018,6,19
KIDNAPPING,2018,7,14
KIDNAPPING,2018,8,15
KIDNAPPING,2018,9,12
KIDNAPPING,2018,10,7
KIDNAPPING,2018,11,16
KIDNAPPING,2018,12,17
KIDNAPPING,2019,1,8
KIDNAPPING,2019,2,14
KIDNAPPING,2019,3,19
KIDNAPPING,2019,4,13
KIDNAPPING,2019,5,21
KIDNAPPING,2019,6,13
KIDNAPPING,2019,7,21
KIDNAPPING,2019,8,10
KIDNAPPING,2019,9,13
KIDNAPPING,2019,10,4
KIDNAPPING,2019,11,19
KIDNAPPING,2019,12,18
KIDNAPPING,2020,1,14
KIDNAPPING,2020,2,11
KIDNAPPING,2020,3,8
KIDNAPPING,2020,4,3
KIDNAPPING,2020,5,11
KIDNAPPING,2020,6,14
KIDNAPPING,2020,7,8
KIDNAPPING,2020,8,11
KIDNAPPING,2020,9,14
KIDNAPPING,2020,10,12
KIDNAPPING,2020,11,7
KIDNAPPING,2020,12,6
KIDNAPPING,2021,1,3
KIDNAPPING,2021,2,6
KIDNAPPING,2021,3,10
KIDNAPPING,2021,4,8
KIDNAPPING,2021,5,9
KIDNAPPING,2021,6,8
KIDNAPPING,2021,7,5
KIDNAPPING,2021,8,9
KIDNAPPING,2021,9,7
KIDNAPPING,2021,10,6
KIDNAPPING,2021,11,9
KIDNAPPING,2021,12,7
KIDNAPPING,2022,1,7
KIDNAPPING,2022,2,5
KIDNAPPING,2022,3,7
KIDNAPPING,2022,4,5
KIDNAPPING,2022,5,11
KIDNAPPING,2022,6,10
KIDNAPPING,2022,7,15
KIDNAPPING,2022,8,10
KIDNAPPING,2022,9,14
KIDNAPPING,2022,10,11
KIDNAPPING,2022,11,11
KIDNAPPING,2022,12,10
KIDNAPPING,2023,1,12
KIDNAPPING,2023,2,4
LIQUOR LAW VIOLATION,2013,1,40
LIQUOR LAW VIOLATION,2013,2,33
LIQUOR LAW VIOLATION,2013,3,65
LIQUOR LAW VIOLATION,2013,4,35
LIQUOR LAW VIOLATION,2013,5,47
LIQUOR LAW VIOLATION,2013,6,59
LIQUOR LAW VIOLATION,2013,7,28
LIQUOR LAW VIOLATION,2013,8,29
LIQUOR LAW VIOLATION,2013,9,46
LIQUOR LAW VIOLATION,2013,10,29
LIQUOR LAW VIOLATION,2013,11,34
LIQUOR LAW VIOLATION,2013,12,20
LIQUOR LAW VIOLATION,2014,1,32
LIQUOR LAW VIOLATION,2014,2,25
LIQUOR LAW VIOLATION,2014,3,25
LIQUOR LAW VIOLATION,2014,4,31
LIQUOR LAW VIOLATION,2014,5,50
LIQUOR LAW VIOLATION,2014,6,41
LIQUOR LAW VIOLATION,2014,7,31
LIQUOR LAW VIOLATION,2014,8,48
LIQUOR LAW VIOLATION,2014,9,25
LIQUOR LAW VIOLATION,2014,10,47
LIQUOR LAW VIOLATION,2014,11,25
LIQUOR LAW VIOLATION,2014,12,17
LIQUOR LAW VIOLATION,2015,1,21
LIQUOR LAW VIOLATION,2015,2,19
LIQUOR LAW VIOLATION,2015,3,31
LIQUOR LAW VIOLATION,2015,4,28
LIQUOR LAW VIOLATION,2015,5,22
LIQUOR LAW VIOLATION,2015,6,33
LIQUOR LAW VIOLATION,2015,7,25
LIQUOR LAW VIOLATION,2015,8,37
LIQUOR LAW VIOLATION,2015,9,26
LIQUOR LAW VIOLATION,2015,10,25
LIQUOR LAW VIOLATION,2015,11,15
LIQUOR LAW VIOLATION,2015,12,10
LIQUOR LAW VIOLATION,2016,1,25
LIQUOR LAW VIOLATION,2016,2,17
LIQUOR LAW VIOLATION,2016,3,27
LIQUOR LAW VIOLATION,2016,4,26
LIQUOR LAW VIOLATION,2016,5,17
LIQUOR LAW VIOLATION,2016,6,24
LIQUOR LAW VIOLATION,2016,7,18
LIQUOR LAW VIOLATION,2016,8,17
LIQUOR LAW VIOLATION,2016,9,17
LIQUOR LAW VIOLATION,2016,10,26
LIQUOR LAW VIOLATION,2016,11,5
LIQUOR LAW VIOLATION,2016,12,8
LIQUOR LAW VIOLATION,2017,1,10
LIQUOR LAW VIOLATION,2017,2,22
LIQUOR LAW VIOLATION,2017,3,27
LIQUOR LAW VIOLATION,2017,4,7
LIQUOR LAW VIOLATION,2017,5,20
LIQUOR LAW VIOLATION,2017,6,20
LIQUOR LAW VIOLATION,2017,7,28
LIQUOR LAW VIOLATION,2017,8,19
LIQUOR LAW VIOLATION,2017,9,13
LIQUOR LAW VIOLATION,2017,10,7
LIQUOR LAW VIOLATION,2017,11,9
LIQUOR LAW VIOLATION,2017,12,9
LIQUOR LAW VIOLATION,2018,1,23
LIQUOR LAW VIOLATION,2018,2,9
LIQUOR LAW VIOLATION,2018,3,23
LIQUOR LAW VIOLATION,2018,4,20
LIQUOR LAW VIOLATION,2018,5,32
LIQUOR LAW VIOLATION,2018,6,26
LIQUOR LAW VIOLATION,2018,7,32
LIQUOR LAW VIOLATION,2018,8,25
LIQUOR LAW VIOLATION,2018,9,28
LIQUOR LAW VIOLATION,2018,10,21
LIQUOR LAW VIOLATION,2018,11,20
LIQUOR LAW VIOLATION,2018,12,9
LIQUOR LAW VIOLATION,2019,1,21
LIQUOR LAW VIOLATION,2019,2,9
LIQUOR LAW VIOLATION,2019,3,18
LIQUOR LAW VIOLATION,2019,4,13
LIQUOR LAW VIOLATION,2019,5,15
LIQUOR LAW VIOLATION,2019,6,23
LIQUOR LAW VIOLATION,2019,7,36
LIQUOR LAW VIOLATION,2019,8,29
LIQUOR LAW VIOLATION,2019,9,25
LIQUOR LAW VIOLATION,2019,10,18
LIQUOR LAW VIOLATION,2019,11,19
LIQUOR LAW VIOLATION,2019,12,6
LIQUOR LAW VIOLATION,2020,1,15
LIQUOR LAW VIOLATION,2020,2,21
LIQUOR LAW VIOLATION,2020,3,11
LIQUOR LAW VIOLATION,2020,4,1
LIQUOR LAW VIOLATION,2020,5,4
LIQUOR LAW VIOLATION,2020,6,1
LIQUOR LAW VIOLATION,2020,7,29
LIQUOR LAW VIOLATION,2020,8,28
LIQUOR LAW VIOLATION,2020,9,15
LIQUOR LAW VIOLATION,2020,10,11
LIQUOR LAW VIOLATION,2020,11,3
LIQUOR LAW VIOLATION,2020,12,4
LIQUOR LAW VIOLATION,2021,1,5
LIQUOR LAW VIOLATION,2021,2,18
LIQUOR LAW VIOLATION,2021,3,10
LIQUOR LAW VIOLATION,2021,4,8
LIQUOR LAW VIOLATION,2021,5,17
LIQUOR LAW VIOLATION,2021,6,17
LIQUOR LAW VIOLATION,2021,7,10
LIQUOR LAW VIOLATION,2021,8,9
LIQUOR LAW VIOLATION,2021,9,25
LIQUOR LAW VIOLATION,2021,10,20
LIQUOR LAW VIOLATION,2021,11,29
LIQUOR LAW VIOLATION,2021,12,16
LIQUOR LAW VIOLATION,2022,1,5
LIQUOR LAW VIOLATION,2022,2,4
LIQUOR LAW VIOLATION,2022,3,21
LIQUOR LAW VIOLATION,2022,4,15
LIQUOR LAW VIOLATION,2022,5,25
LIQUOR LAW VIOLATION,2022,6,33
LIQUOR LAW VIOLATION,2022,7,22
LIQUOR LAW VIOLATION,2022,8,7
LIQUOR LAW VIOLATION,2022,9,20
LIQUOR LAW VIOLATION,2022,10,19
LIQUOR LAW VIOLATION,2022,11,23
LIQUOR LAW VIOLATION,2022,12,9
LIQUOR LAW VIOLATION,2023,1,17
LIQUOR LAW VIOLATION,2023,2,9
MOTOR VEHICLE THEFT,2013,1,1470
MOTOR VEHICLE THEFT,2013,2,1248
MOTOR VEHICLE THEFT,2013,3,1090
MOTOR VEHICLE THEFT,2013,4,927
MOTOR VEHICLE THEFT,2013,5,962
MOTOR VEHICLE THEFT,2013,6,1039
MOTOR VEHICLE THEFT,2013,7,1039
MOTOR VEHICLE THEFT,2013,8,1030
MOTOR VEHICLE THEFT,2013,9,955
MOTOR VEHICLE THEFT,2013,10,928
MOTOR VEHICLE THEFT,2013,11,890
MOTOR VEHICLE THEFT,2013,12,1004
MOTOR VEHICLE THEFT,2014,1,817
MOTOR VEHICLE THEFT,2014,2,682
MOTOR VEHICLE THEFT,2014,3,910
MOTOR VEHICLE THEFT,2014,4,702
MOTOR VEHICLE THEFT,2014,5,728
MOTOR VEHICLE THEFT,2014,6,906
MOTOR VEHICLE THEFT,2014,7,913
MOTOR VEHICLE THEFT,2014,8,865
MOTOR VEHICLE THEFT,2014,9,858
MOTOR VEHICLE THEFT,2014,10,922
MOTOR VEHICLE THEFT,2014,11,848
MOTOR VEHICLE THEFT,2014,12,760
MOTOR VEHICLE THEFT,2015,1,826
MOTOR VEHICLE THEFT,2015,2,627
MOTOR VEHICLE THEFT,2015,3,784
MOTOR VEHICLE THEFT,2015,4,725
MOTOR VEHICLE THEFT,2015,5,851
MOTOR VEHICLE THEFT,2015,6,909
MOTOR VEHICLE THEFT,2015,7,892
MOTOR VEHICLE THEFT,2015,8,967
MOTOR VEHICLE THEFT,2015,9,864
MOTOR VEHICLE THEFT,2015,10,842
MOTOR VEHICLE THEFT,2015,11,864
MOTOR VEHICLE THEFT,2015,12,917
MOTOR VEHICLE THEFT,2016,1,983
MOTOR VEHICLE THEFT,2016,2,835
MOTOR VEHICLE THEFT,2016,3,781
MOTOR VEHICLE THEFT,2016,4,756
MOTOR VEHICLE THEFT,2016,5,823
MOTOR VEHICLE THEFT,2016,6,931
MOTOR VEHICLE THEFT,2016,7,1038
MOTOR VEHICLE THEFT,2016,8,1028
MOTOR VEHICLE THEFT,2016,9,979
MOTOR VEHICLE THEFT,2016,10,1010
MOTOR VEHICLE THEFT,2016,11,1016
MOTOR VEHICLE THEFT,2016,12,1106
MOTOR VEHICLE THEFT,2017,1,1173
MOTOR VEHICLE THEFT,2017,2,878
MOTOR VEHICLE THEFT,2017,3,801
MOTOR VEHICLE THEFT,2017,4,837
MOTOR VEHICLE THEFT,2017,5,831
MOTOR VEHICLE THEFT,2017,6,1013
MOTOR VEHICLE THEFT,2017,7,992
MOTOR VEHICLE THEFT,2017,8,951
MOTOR VEHICLE THEFT,2017,9,915
MOTOR VEHICLE THEFT,2017,10,983
MOTOR VEHICLE THEFT,2017,11,936
MOTOR VEHICLE THEFT,2017,12,1070
MOTOR VEHICLE THEFT,2018,1,1006
MOTOR VEHICLE THEFT,2018,2,626
MOTOR VEHICLE THEFT,2018,3,736
MOTOR VEHICLE THEFT,2018,4,752
MOTOR VEHICLE THEFT,2018,5,831
MOTOR VEHICLE THEFT,2018,6,816
MOTOR VEHICLE THEFT,2018,7,856
MOTOR VEHICLE THEFT,2018,8,927
MOTOR VEHICLE THEFT,2018,9,905
MOTOR VEHICLE THEFT,2018,10,794
MOTOR VEHICLE THEFT,2018,11,818
MOTOR VEHICLE THEFT,2018,12,916
MOTOR VEHICLE THEFT,2019,1,707
MOTOR VEHICLE THEFT,2019,2,654
MOTOR VEHICLE THEFT,2019,3,717
MOTOR VEHICLE THEFT,2019,4,770
MOTOR VEHICLE THEFT,2019,5,764
MOTOR VEHICLE THEFT,2019,6,773
MOTOR VEHICLE THEFT,2019,7,885
MOTOR VEHICLE THEFT,2019,8,843
MOTOR VEHICLE THEFT,2019,9,679
MOTOR VEHICLE THEFT,2019,10,726
MOTOR VEHICLE THEFT,2019,11,692
MOTOR VEHICLE THEFT,2019,12,767
MOTOR VEHICLE THEFT,2020,1,668
MOTOR VEHICLE THEFT,2020,2,653
MOTOR VEHICLE THEFT,2020,3,627
MOTOR VEHICLE THEFT,2020,4,659
MOTOR VEHICLE THEFT,2020,5,829
MOTOR VEHICLE THEFT,2020,6,794
MOTOR VEHICLE THEFT,2020,7,959
MOTOR VEHICLE THEFT,2020,8,996
MOTOR VEHICLE THEFT,2020,9,921
MOTOR VEHICLE THEFT,2020,10,1000
MOTOR VEHICLE THEFT,2020,11,939
MOTOR VEHICLE THEFT,2020,12,911
MOTOR VEHICLE THEFT,2021,1,802
MOTOR VEHICLE THEFT,2021,2,630
MOTOR VEHICLE THEFT,2021,3,787
MOTOR VEHICLE THEFT,2021,4,714
MOTOR VEHICLE THEFT,2021,5,747
MOTOR VEHICLE THEFT,2021,6,834
MOTOR VEHICLE THEFT,2021,7,837
MOTOR VEHICLE THEFT,2021,8,910
MOTOR VEHICLE THEFT,2021,9,1016
MOTOR VEHICLE THEFT,2021,10,1161
MOTOR VEHICLE THEFT,2021,11,1064
MOTOR VEHICLE THEFT,2021,12,1097
MOTOR VEHICLE THEFT,2022,1,1107
MOTOR VEHICLE THEFT,2022,2,961
MOTOR VEHICLE THEFT,2022,3,1069
MOTOR VEHICLE THEFT,2022,4,1001
MOTOR VEHICLE THEFT,2022,5,1029
MOTOR VEHICLE THEFT,2022,6,1139
MOTOR VEHICLE THEFT,2022,7,1759
MOTOR VEHICLE THEFT,2022,8,2108
MOTOR VEHICLE THEFT,2022,9,2411
MOTOR VEHICLE THEFT,2022,10,3178
MOTOR VEHICLE THEFT,2022,11,2948
MOTOR VEHICLE THEFT,2022,12,2709
MOTOR VEHICLE THEFT,2023,1,2804
MOTOR VEHICLE THEFT,2023,2,2008
NARCOTICS,2013,1,2939
NARCOTICS,2013,2,2833
NARCOTICS,2013,3,3303
NARCOTICS,2013,4,2974
NARCOTICS,2013,5,3079
NARCOTICS,2013,6,2674
NARCOTICS,2013,7,2975
NARCOTICS,2013,8,3021
NARCOTICS,2013,9,2647
NARCOTICS,2013,10,2721
NARCOTICS,2013,11,2732
NARCOTICS,2013,12,2229
NARCOTICS,2014,1,2224
NARCOTICS,2014,2,2356
NARCOTICS,2014,3,2644
NARCOTICS,2014,4,2633
NARCOTICS,2014,5,2640
NARCOTICS,2014,6,2443
NARCOTICS,2014,7,2772
NARCOTICS,2014,8,2644
NARCOTICS,2014,9,2387
NARCOTICS,2014,10,2383
NARCOTICS,2014,11,2133
NARCOTICS,2014,12,1859
NARCOTICS,2015,1,2339
NARCOTICS,2015,2,1971
NARCOTICS,2015,3,2462
NARCOTICS,2015,4,2091
NARCOTICS,2015,5,1976
NARCOTICS,2015,6,1843
NARCOTICS,2015,7,1928
NARCOTICS,2015,8,2098
NARCOTICS,2015,9,2047
NARCOTICS,2015,10,2105
NARCOTICS,2015,11,1782
NARCOTICS,2015,12,1297
NARCOTICS,2016,1,1147
NARCOTICS,2016,2,1303
NARCOTICS,2016,3,1476
NARCOTICS,2016,4,1459
NARCOTICS,2016,5,1401
NARCOTICS,2016,6,1278
NARCOTICS,2016,7,1244
NARCOTICS,2016,8,864
NARCOTICS,2016,9,897
NARCOTICS,2016,10,762
NARCOTICS,2016,11,778
NARCOTICS,2016,12,724
NARCOTICS,2017,1,985
NARCOTICS,2017,2,956
NARCOTICS,2017,3,1127
NARCOTICS,2017,4,1043
NARCOTICS,2017,5,1118
NARCOTICS,2017,6,865
NARCOTICS,2017,7,1004
NARCOTICS,2017,8,995
NARCOTICS,2017,9,1027
NARCOTICS,2017,10,846
NARCOTICS,2017,11,927
NARCOTICS,2017,12,789
NARCOTICS,2018,1,1083
NARCOTICS,2018,2,996
NARCOTICS,2018,3,1282
NARCOTICS,2018,4,1101
NARCOTICS,2018,5,1177
NARCOTICS,2018,6,1082
NARCOTICS,2018,7,1195
NARCOTICS,2018,8,1276
NARCOTICS,2018,9,1176
NARCOTICS,2018,10,1050
NARCOTICS,2018,11,1160
NARCOTICS,2018,12,1007
NARCOTICS,2019,1,1341
NARCOTICS,2019,2,1272
NARCOTICS,2019,3,1408
NARCOTICS,2019,4,1293
NARCOTICS,2019,5,1202
NARCOTICS,2019,6,1231
NARCOTICS,2019,7,1281
NARCOTICS,2019,8,1442
NARCOTICS,2019,9,1205
NARCOTICS,2019,10,1186
NARCOTICS,2019,11,1122
NARCOTICS,2019,12,1086
NARCOTICS,2020,1,1292
NARCOTICS,2020,2,1177
NARCOTICS,2020,3,741
NARCOTICS,2020,4,179
NARCOTICS,2020,5,484
NARCOTICS,2020,6,339
NARCOTICS,2020,7,517
NARCOTICS,2020,8,552
NARCOTICS,2020,9,559
NARCOTICS,2020,10,625
NARCOTICS,2020,11,509
NARCOTICS,2020,12,517
NARCOTICS,2021,1,508
NARCOTICS,2021,2,607
NARCOTICS,2021,3,813
NARCOTICS,2021,4,495
NARCOTICS,2021,5,561
NARCOTICS,2021,6,468
NARCOTICS,2021,7,384
NARCOTICS,2021,8,321
NARCOTICS,2021,9,286
NARCOTICS,2021,10,323
NARCOTICS,2021,11,292
NARCOTICS,2021,12,248
NARCOTICS,2022,1,254
NARCOTICS,2022,2,458
NARCOTICS,2022,3,478
NARCOTICS,2022,4,434
NARCOTICS,2022,5,375
NARCOTICS,2022,6,318
NARCOTICS,2022,7,292
NARCOTICS,2022,8,329
NARCOTICS,2022,9,302
NARCOTICS,2022,10,322
NARCOTICS,2022,11,307
NARCOTICS,2022,12,295
NARCOTICS,2023,1,481
NARCOTICS,2023,2,443
NON - CRIMINAL,2013,8,1
NON - CRIMINAL,2013,10,1
NON - CRIMINAL,2013,11,1
NON - CRIMINAL,2014,4,1
NON - CRIMINAL,2014,5,1
NON - CRIMINAL,2014,6,2
NON - CRIMINAL,2014,7,2
NON - CRIMINAL,2014,8,2
NON - CRIMINAL,2014,9,2
NON - CRIMINAL,2015,1,1
NON - CRIMINAL,2015,2,1
NON - CRIMINAL,2015,5,3
NON - CRIMINAL,2015,6,7
NON - CRIMINAL,2015,8,2
NON - CRIMINAL,2015,9,3
NON - CRIMINAL,2015,10,1
NON - CRIMINAL,2015,11,1
NON - CRIMINAL,2015,12,1
NON - CRIMINAL,2016,1,1
NON - CRIMINAL,2016,2,4
NON-CRIMINAL,2013,3,1
NON-CRIMINAL,2013,5,1
NON-CRIMINAL,2013,11,1
NON-CRIMINAL,2013,12,1
NON-CRIMINAL,2014,7,4
NON-CRIMINAL,2014,8,2
NON-CRIMINAL,2014,9,3
NON-CRIMINAL,2014,10,4
NON-CRIMINAL,2014,11,2
NON-CRIMINAL,2014,12,1
NON-CRIMINAL,2015,1,1
NON-CRIMINAL,2015,2,1
NON-CRIMINAL,2015,6,1
NON-CRIMINAL,2015,7,1
NON-CRIMINAL,2015,8,2
NON-CRIMINAL,2015,9,1
NON-CRIMINAL,2015,10,3
NON-CRIMINAL,2015,11,3
NON-CRIMINAL,2015,12,3
NON-CRIMINAL,2016,1,2
NON-CRIMINAL,2016,2,5
NON-CRIMINAL,2016,3,7
NON-CRIMINAL,2016,4,2
NON-CRIMINAL,2016,5,3
NON-CRIMINAL,2016,6,5
NON-CRIMINAL,2016,7,1
NON-CRIMINAL,2016,8,5
NON-CRIMINAL,2016,9,7
NON-CRIMINAL,2016,10,5
NON-CRIMINAL,2016,11,4
NON-CRIMINAL,2016,12,3
NON-CRIMINAL,2017,1,3
NON-CRIMINAL,2017,2,1
NON-CRIMINAL,2017,3,1
NON-CRIMINAL,2017,4,1
NON-CRIMINAL,2017,5,3
NON-CRIMINAL,2017,6,6
NON-CRIMINAL,2017,7,4
NON-CRIMINAL,2017,8,4
NON-CRIMINAL,2017,9,1
NON-CRIMINAL,2017,10,4
NON-CRIMINAL,2017,11,7
NON-CRIMINAL,2017,12,2
NON-CRIMINAL,2018,1,4
NON-CRIMINAL,2018,2,3
NON-CRIMINAL,2018,3,2
NON-CRIMINAL,2018,4,4
NON-CRIMINAL,2018,5,2
NON-CRIMINAL,2018,6,2
NON-CRIMINAL,2018,7,3
NON-CRIMINAL,2018,8,3
NON-CRIMINAL,2018,9,4
NON-CRIMINAL,2018,10,4
NON-CRIMINAL,2018,11,3
NON-CRIMINAL,2018,12,2
NON-CRIMINAL,2019,1,1
NON-CRIMINAL,2019,4,1
NON-CRIMINAL,2019,9,1
NON-CRIMINAL,2019,11,1
NON-CRIMINAL,2020,8,1
NON-CRIMINAL,2021,2,1
NON-CRIMINAL,2021,4,1
NON-CRIMINAL,2021,5,1
NON-CRIMINAL,2021,12,1
NON-CRIMINAL,2022,4,2
NON-CRIMINAL,2022,10,2
NON-CRIMINAL,2022,12,1
NON-CRIMINAL (SUBJECT SPECIFIED),2014,2,1
NON-CRIMINAL (SUBJECT SPECIFIED),2016,1,1
NON-CRIMINAL (SUBJECT SPECIFIED),2017,2,1
NON-CRIMINAL (SUBJECT SPECIFIED),2017,3,1
NON-CRIMINAL (SUBJECT SPECIFIED),2018,4,1
NON-CRIMINAL (SUBJECT SPECIFIED),2018,7,1
NON-CRIMINAL (SUBJECT SPECIFIED),2018,8,1
OBSCENITY,2013,1,2
OBSCENITY,2013,2,2
OBSCENITY,2013,3,1
OBSCENITY,2013,4,1
OBSCENITY,2013,5,2
OBSCENITY,2013,6,3
OBSCENITY,2013,7,6
OBSCENITY,2013,8,2
OBSCENITY,2013,9,2
OBSCENITY,2013,10,1
OBSCENITY,2013,11,2
OBSCENITY,2013,12,1
OBSCENITY,2014,2,1
OBSCENITY,2014,3,5
OBSCENITY,2014,4,3
OBSCENITY,2014,5,4
OBSCENITY,2014,6,4
OBSCENITY,2014,7,4
OBSCENITY,2014,8,1
OBSCENITY,2014,9,2
OBSCENITY,2014,10,3
OBSCENITY,2014,11,5
OBSCENITY,2014,12,7
OBSCENITY,2015,1,7
OBSCENITY,2015,2,3
OBSCENITY,2015,3,3
OBSCENITY,2015,4,6
OBSCENITY,2015,5,9
OBSCENITY,2015,6,2
OBSCENITY,2015,7,1
OBSCENITY,2015,8,2
OBSCENITY,2015,9,4
OBSCENITY,2015,10,4
OBSCENITY,2015,11,5
OBSCENITY,2015,12,3
OBSCENITY,2016,1,8
OBSCENITY,2016,2,3
OBSCENITY,2016,3,4
OBSCENITY,2016,4,3
OBSCENITY,2016,5,4
OBSCENITY,2016,6,3
OBSCENITY,2016,7,2
OBSCENITY,2016,8,2
OBSCENITY,2016,9,3
OBSCENITY,2016,10,10
OBSCENITY,2016,11,5
OBSCENITY,2016,12,4
OBSCENITY,2017,1,3
OBSCENITY,2017,2,4
OBSCENITY,2017,3,10
OBSCENITY,2017,4,5
OBSCENITY,2017,5,8
OBSCENITY,2017,6,6
OBSCENITY,2017,7,6
OBSCENITY,2017,8,4
OBSCENITY,2017,9,7
OBSCENITY,2017,10,20
OBSCENITY,2017,11,6
OBSCENITY,2017,12,7
OBSCENITY,2018,1,11
OBSCENITY,2018,2,9
OBSCENITY,2018,3,10
OBSCENITY,2018,4,2
OBSCENITY,2018,5,8
OBSCENITY,2018,6,3
OBSCENITY,2018,7,14
OBSCENITY,2018,8,7
OBSCENITY,2018,9,8
OBSCENITY,2018,10,7
OBSCENITY,2018,11,2
OBSCENITY,2018,12,6
OBSCENITY,2019,1,3
OBSCENITY,2019,2,3
OBSCENITY,2019,3,8
OBSCENITY,2019,4,1
OBSCENITY,2019,5,8
OBSCENITY,2019,6,8
OBSCENITY,2019,7,4
OBSCENITY,2019,8,3
OBSCENITY,2019,9,4
OBSCENITY,2019,10,5
OBSCENITY,2019,11,7
OBSCENITY,2019,12,5
OBSCENITY,2020,1,6
OBSCENITY,2020,2,2
OBSCENITY,2020,3,2
OBSCENITY,2020,4,4
OBSCENITY,2020,5,7
OBSCENITY,2020,6,6
OBSCENITY,2020,7,7
OBSCENITY,2020,8,6
OBSCENITY,2020,9,4
OBSCENITY,2020,10,8
OBSCENITY,2020,11,1
OBSCENITY,2020,12,3
OBSCENITY,2021,1,8
OBSCENITY,2021,2,6
OBSCENITY,2021,3,8
OBSCENITY,2021,4,1
OBSCENITY,2021,5,3
OBSCENITY,2021,6,7
OBSCENITY,2021,7,6
OBSCENITY,2021,8,2
OBSCENITY,2021,9,3
OBSCENITY,2021,10,1
OBSCENITY,2021,11,2
OBSCENITY,2021,12,3
OBSCENITY,2022,1,1
OBSCENITY,2022,3,6
OBSCENITY,2022,4,4
OBSCENITY,2022,6,4
OBSCENITY,2022,7,3
OBSCENITY,2022,8,6
OBSCENITY,2022,9,7
OBSCENITY,2022,10,8
OBSCENITY,2022,11,3
OBSCENITY,2022,12,6
OBSCENITY,2023,1,3
OBSCENITY,2023,2,2
OFFENSE INVOLVING CHILDREN,2013,1,298
OFFENSE INVOLVING CHILDREN,2013,2,201
OFFENSE INVOLVING CHILDREN,2013,3,228
OFFENSE INVOLVING CHILDREN,2013,4,174
OFFENSE INVOLVING CHILDREN,2013,5,208
OFFENSE INVOLVING CHILDREN,2013,6,207
OFFENSE INVOLVING CHILDREN,2013,7,190
OFFENSE INVOLVING CHILDREN,2013,8,174
OFFENSE INVOLVING CHILDREN,2013,9,200
OFFENSE INVOLVING CHILDREN,2013,10,193
OFFENSE INVOLVING CHILDREN,2013,11,192
OFFENSE INVOLVING CHILDREN,2013,12,215
OFFENSE INVOLVING CHILDREN,2014,1,307
OFFENSE INVOLVING CHILDREN,2014,2,167
OFFENSE INVOLVING CHILDREN,2014,3,222
OFFENSE INVOLVING CHILDREN,2014,4,205
OFFENSE INVOLVING CHILDREN,2014,5,209
OFFENSE INVOLVING CHILDREN,2014,6,244
OFFENSE INVOLVING CHILDREN,2014,7,171
OFFENSE INVOLVING CHILDREN,2014,8,222
OFFENSE INVOLVING CHILDREN,2014,9,179
OFFENSE INVOLVING CHILDREN,2014,10,198
OFFENSE INVOLVING CHILDREN,2014,11,181
OFFENSE INVOLVING CHILDREN,2014,12,205
OFFENSE INVOLVING CHILDREN,2015,1,321
OFFENSE INVOLVING CHILDREN,2015,2,189
OFFENSE INVOLVING CHILDREN,2015,3,206
OFFENSE INVOLVING CHILDREN,2015,4,188
OFFENSE INVOLVING CHILDREN,2015,5,196
OFFENSE INVOLVING CHILDREN,2015,6,215
OFFENSE INVOLVING CHILDREN,2015,7,208
OFFENSE INVOLVING CHILDREN,2015,8,185
OFFENSE INVOLVING CHILDREN,2015,9,183
OFFENSE INVOLVING CHILDREN,2015,10,197
OFFENSE INVOLVING CHILDREN,2015,11,168
OFFENSE INVOLVING CHILDREN,2015,12,187
OFFENSE INVOLVING CHILDREN,2016,1,294
OFFENSE INVOLVING CHILDREN,2016,2,181
OFFENSE INVOLVING CHILDREN,2016,3,231
OFFENSE INVOLVING CHILDREN,2016,4,216
OFFENSE INVOLVING CHILDREN,2016,5,224
OFFENSE INVOLVING CHILDREN,2016,6,226
OFFENSE INVOLVING CHILDREN,2016,7,184
OFFENSE INVOLVING CHILDREN,2016,8,200
OFFENSE INVOLVING CHILDREN,2016,9,190
OFFENSE INVOLVING CHILDREN,2016,10,197
OFFENSE INVOLVING CHILDREN,2016,11,147
OFFENSE INVOLVING CHILDREN,2016,12,151
OFFENSE INVOLVING CHILDREN,2017,1,325
OFFENSE INVOLVING CHILDREN,2017,2,135
OFFENSE INVOLVING CHILDREN,2017,3,186
OFFENSE INVOLVING CHILDREN,2017,4,186
OFFENSE INVOLVING CHILDREN,2017,5,222
OFFENSE INVOLVING CHILDREN,2017,6,198
OFFENSE INVOLVING CHILDREN,2017,7,179
OFFENSE INVOLVING CHILDREN,2017,8,200
OFFENSE INVOLVING CHILDREN,2017,9,191
OFFENSE INVOLVING CHILDREN,2017,10,197
OFFENSE INVOLVING CHILDREN,2017,11,173
OFFENSE INVOLVING CHILDREN,2017,12,211
OFFENSE INVOLVING CHILDREN,2018,1,271
OFFENSE INVOLVING CHILDREN,2018,2,165
OFFENSE INVOLVING CHILDREN,2018,3,200
OFFENSE INVOLVING CHILDREN,2018,4,201
OFFENSE INVOLVING CHILDREN,2018,5,214
OFFENSE INVOLVING CHILDREN,2018,6,216
OFFENSE INVOLVING CHILDREN,2018,7,184
OFFENSE INVOLVING CHILDREN,2018,8,189
OFFENSE INVOLVING CHILDREN,2018,9,191
OFFENSE INVOLVING CHILDREN,2018,10,213
OFFENSE INVOLVING CHILDREN,2018,11,179
OFFENSE INVOLVING CHILDREN,2018,12,177
OFFENSE INVOLVING CHILDREN,2019,1,218
OFFENSE INVOLVING CHILDREN,2019,2,192
OFFENSE INVOLVING CHILDREN,2019,3,200
OFFENSE INVOLVING CHILDREN,2019,4,249
OFFENSE INVOLVING CHILDREN,2019,5,248
OFFENSE INVOLVING CHILDREN,2019,6,184
OFFENSE INVOLVING CHILDREN,2019,7,176
OFFENSE INVOLVING CHILDREN,2019,8,195
OFFENSE INVOLVING CHILDREN,2019,9,187
OFFENSE INVOLVING CHILDREN,2019,10,201
OFFENSE INVOLVING CHILDREN,2019,11,190
OFFENSE INVOLVING CHILDREN,2019,12,177
OFFENSE INVOLVING CHILDREN,2020,1,231
OFFENSE INVOLVING CHILDREN,2020,2,204
OFFENSE INVOLVING CHILDREN,2020,3,171
OFFENSE INVOLVING CHILDREN,2020,4,129
OFFENSE INVOLVING CHILDREN,2020,5,153
OFFENSE INVOLVING CHILDREN,2020,6,162
OFFENSE INVOLVING CHILDREN,2020,7,165
OFFENSE INVOLVING CHILDREN,2020,8,123
OFFENSE INVOLVING CHILDREN,2020,9,161
OFFENSE INVOLVING CHILDREN,2020,10,156
OFFENSE INVOLVING CHILDREN,2020,11,147
OFFENSE INVOLVING CHILDREN,2020,12,165
OFFENSE INVOLVING CHILDREN,2021,1,168
OFFENSE INVOLVING CHILDREN,2021,2,113
OFFENSE INVOLVING CHILDREN,2021,3,144
OFFENSE INVOLVING CHILDREN,2021,4,168
OFFENSE INVOLVING CHILDREN,2021,5,197
OFFENSE INVOLVING CHILDREN,2021,6,166
OFFENSE INVOLVING CHILDREN,2021,7,163
OFFENSE INVOLVING CHILDREN,2021,8,141
OFFENSE INVOLVING CHILDREN,2021,9,156
OFFENSE INVOLVING CHILDREN,2021,10,144
OFFENSE INVOLVING CHILDREN,2021,11,163
OFFENSE INVOLVING CHILDREN,2021,12,164
OFFENSE INVOLVING CHILDREN,2022,1,140
OFFENSE INVOLVING CHILDREN,2022,2,159
OFFENSE INVOLVING CHILDREN,2022,3,162
OFFENSE INVOLVING CHILDREN,2022,4,155
OFFENSE INVOLVING CHILDREN,2022,5,199
OFFENSE INVOLVING CHILDREN,2022,6,135
OFFENSE INVOLVING CHILDREN,2022,7,177
OFFENSE INVOLVING CHILDREN,2022,8,188
OFFENSE INVOLVING CHILDREN,2022,9,159
OFFENSE INVOLVING CHILDREN,2022,10,148
OFFENSE INVOLVING CHILDREN,2022,11,131
OFFENSE INVOLVING CHILDREN,2022,12,131
OFFENSE INVOLVING CHILDREN,2023,1,165
OFFENSE INVOLVING CHILDREN,2023,2,159
OTHER NARCOTIC VIOLATION,2013,6,1
OTHER NARCOTIC VIOLATION,2013,8,2
OTHER NARCOTIC VIOLATION,2013,9,1
OTHER NARCOTIC VIOLATION,2013,12,1
OTHER NARCOTIC VIOLATION,2014,2,2
OTHER NARCOTIC VIOLATION,2014,3,1
OTHER NARCOTIC VIOLATION,2014,4,1
OTHER NARCOTIC VIOLATION,2014,5,1
OTHER NARCOTIC VIOLATION,2014,6,1
OTHER NARCOTIC VIOLATION,2014,7,1
OTHER NARCOTIC VIOLATION,2014,8,1
OTHER NARCOTIC VIOLATION,2014,10,1
OTHER NARCOTIC VIOLATION,2014,11,1
OTHER NARCOTIC VIOLATION,2015,2,1
OTHER NARCOTIC VIOLATION,2015,4,1
OTHER NARCOTIC VIOLATION,2015,6,1
OTHER NARCOTIC VIOLATION,2015,7,1
OTHER NARCOTIC VIOLATION,2015,9,1
OTHER NARCOTIC VIOLATION,2016,1,1
OTHER NARCOTIC VIOLATION,2016,6,2
OTHER NARCOTIC VIOLATION,2016,12,1
OTHER NARCOTIC VIOLATION,2017,3,1
OTHER NARCOTIC VIOLATION,2017,7,2
OTHER NARCOTIC VIOLATION,2017,8,2
OTHER NARCOTIC VIOLATION,2017,9,1
OTHER NARCOTIC VIOLATION,2017,11,5
OTHER NARCOTIC VIOLATION,2018,11,1
OTHER NARCOTIC VIOLATION,2019,4,1
OTHER NARCOTIC VIOLATION,2019,5,2
OTHER NARCOTIC VIOLATION,2019,8,1
OTHER NARCOTIC VIOLATION,2019,11,3
OTHER NARCOTIC VIOLATION,2019,12,1
OTHER NARCOTIC VIOLATION,2020,1,2
OTHER NARCOTIC VIOLATION,2020,2,1
OTHER NARCOTIC VIOLATION,2020,3,2
OTHER NARCOTIC VIOLATION,2020,8,1
OTHER NARCOTIC VIOLATION,2021,3,1
OTHER NARCOTIC VIOLATION,2021,5,1
OTHER NARCOTIC VIOLATION,2022,2,1
OTHER NARCOTIC VIOLATION,2022,7,1
OTHER NARCOTIC VIOLATION,2022,8,1
OTHER NARCOTIC VIOLATION,2022,9,2
OTHER NARCOTIC VIOLATION,2022,12,2
OTHER NARCOTIC VIOLATION,2023,2,2
OTHER OFFENSE,2013,1,1611
OTHER OFFENSE,2013,2,1466
OTHER OFFENSE,2013,3,1653
OTHER OFFENSE,2013,4,1567
OTHER OFFENSE,2013,5,1599
OTHER OFFENSE,2013,6,1511
OTHER OFFENSE,2013,7,1620
OTHER OFFENSE,2013,8,1589
OTHER OFFENSE,2013,9,1364
OTHER OFFENSE,2013,10,1357
OTHER OFFENSE,2013,11,1382
OTHER OFFENSE,2013,12,1279
OTHER OFFENSE,2014,1,1420
OTHER OFFENSE,2014,2,1182
OTHER OFFENSE,2014,3,1402
OTHER OFFENSE,2014,4,1501
OTHER OFFENSE,2014,5,1606
OTHER OFFENSE,2014,6,1520
OTHER OFFENSE,2014,7,1505
OTHER OFFENSE,2014,8,1526
OTHER OFFENSE,2014,9,1394
OTHER OFFENSE,2014,10,1352
OTHER OFFENSE,2014,11,1301
OTHER OFFENSE,2014,12,1276
OTHER OFFENSE,2015,1,1481
OTHER OFFENSE,2015,2,1225
OTHER OFFENSE,2015,3,1485
OTHER OFFENSE,2015,4,1482
OTHER OFFENSE,2015,5,1679
OTHER OFFENSE,2015,6,1489
OTHER OFFENSE,2015,7,1568
OTHER OFFENSE,2015,8,1618
OTHER OFFENSE,2015,9,1406
OTHER OFFENSE,2015,10,1520
OTHER OFFENSE,2015,11,1321
OTHER OFFENSE,2015,12,1292
OTHER OFFENSE,2016,1,1345
OTHER OFFENSE,2016,2,1318
OTHER OFFENSE,2016,3,1579
OTHER OFFENSE,2016,4,1422
OTHER OFFENSE,2016,5,1582
OTHER OFFENSE,2016,6,1511
OTHER OFFENSE,2016,7,1513
OTHER OFFENSE,2016,8,1511
OTHER OFFENSE,2016,9,1353
OTHER OFFENSE,2016,10,1487
OTHER OFFENSE,2016,11,1303
OTHER OFFENSE,2016,12,1383
OTHER OFFENSE,2017,1,1569
OTHER OFFENSE,2017,2,1390
OTHER OFFENSE,2017,3,1525
OTHER OFFENSE,2017,4,1582
OTHER OFFENSE,2017,5,1634
OTHER OFFENSE,2017,6,1415
OTHER OFFENSE,2017,7,1531
OTHER OFFENSE,2017,8,1458
OTHER OFFENSE,2017,9,1262
OTHER OFFENSE,2017,10,1345
OTHER OFFENSE,2017,11,1295
OTHER OFFENSE,2017,12,1262
OTHER OFFENSE,2018,1,1336
OTHER OFFENSE,2018,2,1263
OTHER OFFENSE,2018,3,1471
OTHER OFFENSE,2018,4,1508
OTHER OFFENSE,2018,5,1607
OTHER OFFENSE,2018,6,1513
OTHER OFFENSE,2018,7,1573
OTHER OFFENSE,2018,8,1505
OTHER OFFENSE,2018,9,1322
OTHER OFFENSE,2018,10,1388
OTHER OFFENSE,2018,11,1430
OTHER OFFENSE,2018,12,1345
OTHER OFFENSE,2019,1,1430
OTHER OFFENSE,2019,2,1411
OTHER OFFENSE,2019,3,1459
OTHER OFFENSE,2019,4,1454
OTHER OFFENSE,2019,5,1560
OTHER OFFENSE,2019,6,1484
OTHER OFFENSE,2019,7,1479
OTHER OFFENSE,2019,8,1339
OTHER OFFENSE,2019,9,1361
OTHER OFFENSE,2019,10,1396
OTHER OFFENSE,2019,11,1212
OTHER OFFENSE,2019,12,1209
OTHER OFFENSE,2020,1,1421
OTHER OFFENSE,2020,2,1245
OTHER OFFENSE,2020,3,1114
OTHER OFFENSE,2020,4,743
OTHER OFFENSE,2020,5,878
OTHER OFFENSE,2020,6,967
OTHER OFFENSE,2020,7,1117
OTHER OFFENSE,2020,8,1098
OTHER OFFENSE,2020,9,1058
OTHER OFFENSE,2020,10,1064
OTHER OFFENSE,2020,11,945
OTHER OFFENSE,2020,12,936
OTHER OFFENSE,2021,1,1030
OTHER OFFENSE,2021,2,954
OTHER OFFENSE,2021,3,1161
OTHER OFFENSE,2021,4,1193
OTHER OFFENSE,2021,5,1348
OTHER OFFENSE,2021,6,1420
OTHER OFFENSE,2021,7,1218
OTHER OFFENSE,2021,8,1132
OTHER OFFENSE,2021,9,1186
OTHER OFFENSE,2021,10,1189
OTHER OFFENSE,2021,11,1070
OTHER OFFENSE,2021,12,1024
OTHER OFFENSE,2022,1,1063
OTHER OFFENSE,2022,2,1107
OTHER OFFENSE,2022,3,1381
OTHER OFFENSE,2022,4,1346
OTHER OFFENSE,2022,5,1352
OTHER OFFENSE,2022,6,1304
OTHER OFFENSE,2022,7,1300
OTHER OFFENSE,2022,8,1201
OTHER OFFENSE,2022,9,1137
OTHER OFFENSE,2022,10,1151
OTHER OFFENSE,2022,11,1039
OTHER OFFENSE,2022,12,1068
OTHER OFFENSE,2023,1,1228
OTHER OFFENSE,2023,2,1096
PROSTITUTION,2013,1,163
PROSTITUTION,2013,2,147
PROSTITUTION,2013,3,175
PROSTITUTION,2013,4,156
PROSTITUTION,2013,5,177
PROSTITUTION,2013,6,119
PROSTITUTION,2013,7,151
PROSTITUTION,2013,8,123
PROSTITUTION,2013,9,140
PROSTITUTION,2013,10,112
PROSTITUTION,2013,11,146
PROSTITUTION,2013,12,43
PROSTITUTION,2014,1,69
PROSTITUTION,2014,2,120
PROSTITUTION,2014,3,96
PROSTITUTION,2014,4,142
PROSTITUTION,2014,5,125
PROSTITUTION,2014,6,131
PROSTITUTION,2014,7,183
PROSTITUTION,2014,8,197
PROSTITUTION,2014,9,163
PROSTITUTION,2014,10,142
PROSTITUTION,2014,11,149
PROSTITUTION,2014,12,108
PROSTITUTION,2015,1,182
PROSTITUTION,2015,2,119
PROSTITUTION,2015,3,109
PROSTITUTION,2015,4,104
PROSTITUTION,2015,5,155
PROSTITUTION,2015,6,129
PROSTITUTION,2015,7,101
PROSTITUTION,2015,8,131
PROSTITUTION,2015,9,75
PROSTITUTION,2015,10,88
PROSTITUTION,2015,11,64
PROSTITUTION,2015,12,65
PROSTITUTION,2016,1,69
PROSTITUTION,2016,2,70
PROSTITUTION,2016,3,58
PROSTITUTION,2016,4,113
PROSTITUTION,2016,5,70
PROSTITUTION,2016,6,57
PROSTITUTION,2016,7,80
PROSTITUTION,2016,8,71
PROSTITUTION,2016,9,75
PROSTITUTION,2016,10,61
PROSTITUTION,2016,11,64
PROSTITUTION,2016,12,12
PROSTITUTION,2017,1,86
PROSTITUTION,2017,2,52
PROSTITUTION,2017,3,68
PROSTITUTION,2017,4,88
PROSTITUTION,2017,5,74
PROSTITUTION,2017,6,76
PROSTITUTION,2017,7,61
PROSTITUTION,2017,8,81
PROSTITUTION,2017,9,23
PROSTITUTION,2017,10,25
PROSTITUTION,2017,11,64
PROSTITUTION,2017,12,37
PROSTITUTION,2018,1,31
PROSTITUTION,2018,2,20
PROSTITUTION,2018,3,38
PROSTITUTION,2018,4,101
PROSTITUTION,2018,5,95
PROSTITUTION,2018,6,65
PROSTITUTION,2018,7,46
PROSTITUTION,2018,8,74
PROSTITUTION,2018,9,69
PROSTITUTION,2018,10,48
PROSTITUTION,2018,11,85
PROSTITUTION,2018,12,46
PROSTITUTION,2019,1,65
PROSTITUTION,2019,2,37
PROSTITUTION,2019,3,47
PROSTITUTION,2019,4,45
PROSTITUTION,2019,5,69
PROSTITUTION,2019,6,45
PROSTITUTION,2019,7,100
PROSTITUTION,2019,8,80
PROSTITUTION,2019,9,30
PROSTITUTION,2019,10,47
PROSTITUTION,2019,11,66
PROSTITUTION,2019,12,50
PROSTITUTION,2020,1,38
PROSTITUTION,2020,2,27
PROSTITUTION,2020,3,19
PROSTITUTION,2020,4,2
PROSTITUTION,2020,5,11
PROSTITUTION,2020,6,31
PROSTITUTION,2020,7,80
PROSTITUTION,2020,8,9
PROSTITUTION,2020,9,48
PROSTITUTION,2020,10,4
PROSTITUTION,2020,11,4
PROSTITUTION,2020,12,4
PROSTITUTION,2021,1,4
PROSTITUTION,2021,2,7
PROSTITUTION,2021,3,6
PROSTITUTION,2021,5,11
PROSTITUTION,2021,6,9
PROSTITUTION,2021,7,12
PROSTITUTION,2021,8,1
PROSTITUTION,2021,9,22
PROSTITUTION,2021,11,1
PROSTITUTION,2021,12,22
PROSTITUTION,2022,1,22
PROSTITUTION,2022,2,41
PROSTITUTION,2022,3,1
PROSTITUTION,2022,4,35
PROSTITUTION,2022,5,39
PROSTITUTION,2022,6,9
PROSTITUTION,2022,7,8
PROSTITUTION,2022,8,23
PROSTITUTION,2022,9,59
PROSTITUTION,2022,10,26
PROSTITUTION,2022,11,14
PROSTITUTION,2022,12,6
PROSTITUTION,2023,1,63
PROSTITUTION,2023,2,15
PUBLIC INDECENCY,2013,4,1
PUBLIC INDECENCY,2013,5,1
PUBLIC INDECENCY,2013,6,3
PUBLIC INDECENCY,2013,7,1
PUBLIC INDECENCY,2013,9,1
PUBLIC INDECENCY,2013,11,2
PUBLIC INDECENCY,2013,12,1
PUBLIC INDECENCY,2014,2,1
PUBLIC INDECENCY,2014,3,2
PUBLIC INDECENCY,2014,4,3
PUBLIC INDECENCY,2014,8,2
PUBLIC INDECENCY,2014,11,1
PUBLIC INDECENCY,2014,12,1
PUBLIC INDECENCY,2015,1,1
PUBLIC INDECENCY,2015,2,1
PUBLIC INDECENCY,2015,3,1
PUBLIC INDECENCY,2015,4,1
PUBLIC INDECENCY,2015,5,1
PUBLIC INDECENCY,2015,6,1
PUBLIC INDECENCY,2015,7,2
PUBLIC INDECENCY,2015,9,1
PUBLIC INDECENCY,2015,10,1
PUBLIC INDECENCY,2015,11,2
PUBLIC INDECENCY,2015,12,2
PUBLIC INDECENCY,2016,2,1
PUBLIC INDECENCY,2016,5,3
PUBLIC INDECENCY,2016,6,2
PUBLIC INDECENCY,2016,8,3
PUBLIC INDECENCY,2016,9,1
PUBLIC INDECENCY,2017,1,1
PUBLIC INDECENCY,2017,2,1
PUBLIC INDECENCY,2017,4,1
PUBLIC INDECENCY,2017,5,3
PUBLIC INDECENCY,2017,9,1
PUBLIC INDECENCY,2017,10,1
PUBLIC INDECENCY,2017,12,2
PUBLIC INDECENCY,2018,4,1
PUBLIC INDECENCY,2018,5,2
PUBLIC INDECENCY,2018,6,4
PUBLIC INDECENCY,2018,7,1
PUBLIC INDECENCY,2018,8,1
PUBLIC INDECENCY,2018,9,1
PUBLIC INDECENCY,2018,10,1
PUBLIC INDECENCY,2018,11,2
PUBLIC INDECENCY,2018,12,1
PUBLIC INDECENCY,2019,5,3
PUBLIC INDECENCY,2019,7,1
PUBLIC INDECENCY,2019,8,1
PUBLIC INDECENCY,2019,9,2
PUBLIC INDECENCY,2019,10,3
PUBLIC INDECENCY,2019,12,1
PUBLIC INDECENCY,2020,2,2
PUBLIC INDECENCY,2020,3,1
PUBLIC INDECENCY,2020,5,1
PUBLIC INDECENCY,2020,8,2
PUBLIC INDECENCY,2020,9,1
PUBLIC INDECENCY,2020,10,1
PUBLIC INDECENCY,2020,11,1
PUBLIC INDECENCY,2021,1,1
PUBLIC INDECENCY,2021,2,1
PUBLIC INDECENCY,2021,5,1
PUBLIC INDECENCY,2021,12,1
PUBLIC INDECENCY,2022,5,1
PUBLIC INDECENCY,2022,6,1
PUBLIC INDECENCY,2022,8,1
PUBLIC INDECENCY,2022,9,1
PUBLIC INDECENCY,2022,10,1
PUBLIC INDECENCY,2023,2,1
PUBLIC PEACE VIOLATION,2013,1,209
PUBLIC PEACE VIOLATION,2013,2,210
PUBLIC PEACE VIOLATION,2013,3,265
PUBLIC PEACE VIOLATION,2013,4,295
PUBLIC PEACE VIOLATION,2013,5,366
PUBLIC PEACE VIOLATION,2013,6,326
PUBLIC PEACE VIOLATION,2013,7,291
PUBLIC PEACE VIOLATION,2013,8,249
PUBLIC PEACE VIOLATION,2013,9,281
PUBLIC PEACE VIOLATION,2013,10,287
PUBLIC PEACE VIOLATION,2013,11,186
PUBLIC PEACE VIOLATION,2013,12,170
PUBLIC PEACE VIOLATION,2014,1,169
PUBLIC PEACE VIOLATION,2014,2,164
PUBLIC PEACE VIOLATION,2014,3,230
PUBLIC PEACE VIOLATION,2014,4,238
PUBLIC PEACE VIOLATION,2014,5,302
PUBLIC PEACE VIOLATION,2014,6,283
PUBLIC PEACE VIOLATION,2014,7,300
PUBLIC PEACE VIOLATION,2014,8,279
PUBLIC PEACE VIOLATION,2014,9,288
PUBLIC PEACE VIOLATION,2014,10,298
PUBLIC PEACE VIOLATION,2014,11,198
PUBLIC PEACE VIOLATION,2014,12,154
PUBLIC PEACE VIOLATION,2015,1,180
PUBLIC PEACE VIOLATION,2015,2,137
PUBLIC PEACE VIOLATION,2015,3,249
PUBLIC PEACE VIOLATION,2015,4,228
PUBLIC PEACE VIOLATION,2015,5,222
PUBLIC PEACE VIOLATION,2015,6,241
PUBLIC PEACE VIOLATION,2015,7,219
PUBLIC PEACE VIOLATION,2015,8,204
PUBLIC PEACE VIOLATION,2015,9,217
PUBLIC PEACE VIOLATION,2015,10,211
PUBLIC PEACE VIOLATION,2015,11,169
PUBLIC PEACE VIOLATION,2015,12,145
PUBLIC PEACE VIOLATION,2016,1,106
PUBLIC PEACE VIOLATION,2016,2,111
PUBLIC PEACE VIOLATION,2016,3,141
PUBLIC PEACE VIOLATION,2016,4,142
PUBLIC PEACE VIOLATION,2016,5,164
PUBLIC PEACE VIOLATION,2016,6,165
PUBLIC PEACE VIOLATION,2016,7,154
PUBLIC PEACE VIOLATION,2016,8,124
PUBLIC PEACE VIOLATION,2016,9,127
PUBLIC PEACE VIOLATION,2016,10,161
PUBLIC PEACE VIOLATION,2016,11,116
PUBLIC PEACE VIOLATION,2016,12,96
PUBLIC PEACE VIOLATION,2017,1,123
PUBLIC PEACE VIOLATION,2017,2,99
PUBLIC PEACE VIOLATION,2017,3,126
PUBLIC PEACE VIOLATION,2017,4,129
PUBLIC PEACE VIOLATION,2017,5,153
PUBLIC PEACE VIOLATION,2017,6,126
PUBLIC PEACE VIOLATION,2017,7,148
PUBLIC PEACE VIOLATION,2017,8,145
PUBLIC PEACE VIOLATION,2017,9,131
PUBLIC PEACE VIOLATION,2017,10,129
PUBLIC PEACE VIOLATION,2017,11,105
PUBLIC PEACE VIOLATION,2017,12,84
PUBLIC PEACE VIOLATION,2018,1,89
PUBLIC PEACE VIOLATION,2018,2,78
PUBLIC PEACE VIOLATION,2018,3,119
PUBLIC PEACE VIOLATION,2018,4,115
PUBLIC PEACE VIOLATION,2018,5,124
PUBLIC PEACE VIOLATION,2018,6,137
PUBLIC PEACE VIOLATION,2018,7,116
PUBLIC PEACE VIOLATION,2018,8,121
PUBLIC PEACE VIOLATION,2018,9,112
PUBLIC PEACE VIOLATION,2018,10,112
PUBLIC PEACE VIOLATION,2018,11,105
PUBLIC PEACE VIOLATION,2018,12,144
PUBLIC PEACE VIOLATION,2019,1,88
PUBLIC PEACE VIOLATION,2019,2,109
PUBLIC PEACE VIOLATION,2019,3,139
PUBLIC PEACE VIOLATION,2019,4,155
PUBLIC PEACE VIOLATION,2019,5,152
PUBLIC PEACE VIOLATION,2019,6,140
PUBLIC PEACE VIOLATION,2019,7,146
PUBLIC PEACE VIOLATION,2019,8,121
PUBLIC PEACE VIOLATION,2019,9,155
PUBLIC PEACE VIOLATION,2019,10,128
PUBLIC PEACE VIOLATION,2019,11,104
PUBLIC PEACE VIOLATION,2019,12,83
PUBLIC PEACE VIOLATION,2020,1,107
PUBLIC PEACE VIOLATION,2020,2,88
PUBLIC PEACE VIOLATION,2020,3,80
PUBLIC PEACE VIOLATION,2020,4,39
PUBLIC PEACE VIOLATION,2020,5,408
PUBLIC PEACE VIOLATION,2020,6,156
PUBLIC PEACE VIOLATION,2020,7,77
PUBLIC PEACE VIOLATION,2020,8,91
PUBLIC PEACE VIOLATION,2020,9,66
PUBLIC PEACE VIOLATION,2020,10,66
PUBLIC PEACE VIOLATION,2020,11,47
PUBLIC PEACE VIOLATION,2020,12,45
PUBLIC PEACE VIOLATION,2021,1,46
PUBLIC PEACE VIOLATION,2021,2,26
PUBLIC PEACE VIOLATION,2021,3,46
PUBLIC PEACE VIOLATION,2021,4,46
PUBLIC PEACE VIOLATION,2021,5,47
PUBLIC PEACE VIOLATION,2021,6,65
PUBLIC PEACE VIOLATION,2021,7,70
PUBLIC PEACE VIOLATION,2021,8,35
PUBLIC PEACE VIOLATION,2021,9,76
PUBLIC PEACE VIOLATION,2021,10,56
PUBLIC PEACE VIOLATION,2021,11,43
PUBLIC PEACE VIOLATION,2021,12,47
PUBLIC PEACE VIOLATION,2022,1,24
PUBLIC PEACE VIOLATION,2022,2,47
PUBLIC PEACE VIOLATION,2022,3,55
PUBLIC PEACE VIOLATION,2022,4,68
PUBLIC PEACE VIOLATION,2022,5,79
PUBLIC PEACE VIOLATION,2022,6,84
PUBLIC PEACE VIOLATION,2022,7,66
PUBLIC PEACE VIOLATION,2022,8,56
PUBLIC PEACE VIOLATION,2022,9,64
PUBLIC PEACE VIOLATION,2022,10,72
PUBLIC PEACE VIOLATION,2022,11,46
PUBLIC PEACE VIOLATION,2022,12,46
PUBLIC PEACE VIOLATION,2023,1,52
PUBLIC PEACE VIOLATION,2023,2,57
RITUALISM,2020,11,1
ROBBERY,2013,1,1094
ROBBERY,2013,2,731
ROBBERY,2013,3,772
ROBBERY,2013,4,849
ROBBERY,2013,5,976
ROBBERY,2013,6,990
ROBBERY,2013,7,1224
ROBBERY,2013,8,1110
ROBBERY,2013,9,1077
ROBBERY,2013,10,994
ROBBERY,2013,11,928
ROBBERY,2013,12,1075
ROBBERY,2014,1,798
ROBBERY,2014,2,556
ROBBERY,2014,3,624
ROBBERY,2014,4,726
ROBBERY,2014,5,835
ROBBERY,2014,6,860
ROBBERY,2014,7,927
ROBBERY,2014,8,883
ROBBERY,2014,9,872
ROBBERY,2014,10,960
ROBBERY,2014,11,795
ROBBERY,2014,12,964
ROBBERY,2015,1,798
ROBBERY,2015,2,456
ROBBERY,2015,3,617
ROBBERY,2015,4,678
ROBBERY,2015,5,730
ROBBERY,2015,6,768
ROBBERY,2015,7,916
ROBBERY,2015,8,930
ROBBERY,2015,9,931
ROBBERY,2015,10,956
ROBBERY,2015,11,819
ROBBERY,2015,12,1039
ROBBERY,2016,1,1041
ROBBERY,2016,2,702
ROBBERY,2016,3,785
ROBBERY,2016,4,771
ROBBERY,2016,5,961
ROBBERY,2016,6,905
ROBBERY,2016,7,1128
ROBBERY,2016,8,1238
ROBBERY,2016,9,1028
ROBBERY,2016,10,1149
ROBBERY,2016,11,1163
ROBBERY,2016,12,1089
ROBBERY,2017,1,1075
ROBBERY,2017,2,787
ROBBERY,2017,3,783
ROBBERY,2017,4,851
ROBBERY,2017,5,903
ROBBERY,2017,6,982
ROBBERY,2017,7,1004
ROBBERY,2017,8,1174
ROBBERY,2017,9,1002
ROBBERY,2017,10,1119
ROBBERY,2017,11,1128
ROBBERY,2017,12,1072
ROBBERY,2018,1,898
ROBBERY,2018,2,635
ROBBERY,2018,3,738
ROBBERY,2018,4,693
ROBBERY,2018,5,802
ROBBERY,2018,6,857
ROBBERY,2018,7,876
ROBBERY,2018,8,942
ROBBERY,2018,9,768
ROBBERY,2018,10,837
ROBBERY,2018,11,787
ROBBERY,2018,12,846
ROBBERY,2019,1,658
ROBBERY,2019,2,497
ROBBERY,2019,3,509
ROBBERY,2019,4,599
ROBBERY,2019,5,632
ROBBERY,2019,6,767
ROBBERY,2019,7,776
ROBBERY,2019,8,769
ROBBERY,2019,9,691
ROBBERY,2019,10,686
ROBBERY,2019,11,666
ROBBERY,2019,12,744
ROBBERY,2020,1,726
ROBBERY,2020,2,637
ROBBERY,2020,3,495
ROBBERY,2020,4,455
ROBBERY,2020,5,599
ROBBERY,2020,6,574
ROBBERY,2020,7,734
ROBBERY,2020,8,816
ROBBERY,2020,9,743
ROBBERY,2020,10,756
ROBBERY,2020,11,755
ROBBERY,2020,12,565
ROBBERY,2021,1,727
ROBBERY,2021,2,478
ROBBERY,2021,3,482
ROBBERY,2021,4,466
ROBBERY,2021,5,505
ROBBERY,2021,6,600
ROBBERY,2021,7,712
ROBBERY,2021,8,655
ROBBERY,2021,9,773
ROBBERY,2021,10,837
ROBBERY,2021,11,781
ROBBERY,2021,12,903
ROBBERY,2022,1,686
ROBBERY,2022,2,616
ROBBERY,2022,3,590
ROBBERY,2022,4,601
ROBBERY,2022,5,670
ROBBERY,2022,6,733
ROBBERY,2022,7,768
ROBBERY,2022,8,750
ROBBERY,2022,9,865
ROBBERY,2022,10,948
ROBBERY,2022,11,843
ROBBERY,2022,12,897
ROBBERY,2023,1,894
ROBBERY,2023,2,548
SEX OFFENSE,2013,1,118
SEX OFFENSE,2013,2,74
SEX OFFENSE,2013,3,81
SEX OFFENSE,2013,4,86
SEX OFFENSE,2013,5,103
SEX OFFENSE,2013,6,88
SEX OFFENSE,2013,7,98
SEX OFFENSE,2013,8,108
SEX OFFENSE,2013,9,95
SEX OFFENSE,2013,10,90
SEX OFFENSE,2013,11,60
SEX OFFENSE,2013,12,57
SEX OFFENSE,2014,1,96
SEX OFFENSE,2014,2,57
SEX OFFENSE,2014,3,63
SEX OFFENSE,2014,4,83
SEX OFFENSE,2014,5,100
SEX OFFENSE,2014,6,112
SEX OFFENSE,2014,7,80
SEX OFFENSE,2014,8,107
SEX OFFENSE,2014,9,94
SEX OFFENSE,2014,10,96
SEX OFFENSE,2014,11,66
SEX OFFENSE,2014,12,56
SEX OFFENSE,2015,1,107
SEX OFFENSE,2015,2,55
SEX OFFENSE,2015,3,75
SEX OFFENSE,2015,4,68
SEX OFFENSE,2015,5,93
SEX OFFENSE,2015,6,101
SEX OFFENSE,2015,7,95
SEX OFFENSE,2015,8,100
SEX OFFENSE,2015,9,105
SEX OFFENSE,2015,10,89
SEX OFFENSE,2015,11,79
SEX OFFENSE,2015,12,72
SEX OFFENSE,2016,1,125
SEX OFFENSE,2016,2,79
SEX OFFENSE,2016,3,67
SEX OFFENSE,2016,4,68
SEX OFFENSE,2016,5,81
SEX OFFENSE,2016,6,101
SEX OFFENSE,2016,7,113
SEX OFFENSE,2016,8,100
SEX OFFENSE,2016,9,103
SEX OFFENSE,2016,10,89
SEX OFFENSE,2016,11,60
SEX OFFENSE,2016,12,57
SEX OFFENSE,2017,1,105
SEX OFFENSE,2017,2,72
SEX OFFENSE,2017,3,80
SEX OFFENSE,2017,4,78
SEX OFFENSE,2017,5,91
SEX OFFENSE,2017,6,94
SEX OFFENSE,2017,7,103
SEX OFFENSE,2017,8,81
SEX OFFENSE,2017,9,96
SEX OFFENSE,2017,10,81
SEX OFFENSE,2017,11,93
SEX OFFENSE,2017,12,84
SEX OFFENSE,2018,1,87
SEX OFFENSE,2018,2,71
SEX OFFENSE,2018,3,90
SEX OFFENSE,2018,4,85
SEX OFFENSE,2018,5,126
SEX OFFENSE,2018,6,93
SEX OFFENSE,2018,7,91
SEX OFFENSE,2018,8,129
SEX OFFENSE,2018,9,125
SEX OFFENSE,2018,10,113
SEX OFFENSE,2018,11,91
SEX OFFENSE,2018,12,86
SEX OFFENSE,2019,1,99
SEX OFFENSE,2019,2,107
SEX OFFENSE,2019,3,105
SEX OFFENSE,2019,4,80
SEX OFFENSE,2019,5,126
SEX OFFENSE,2019,6,117
SEX OFFENSE,2019,7,126
SEX OFFENSE,2019,8,123
SEX OFFENSE,2019,9,137
SEX OFFENSE,2019,10,109
SEX OFFENSE,2019,11,112
SEX OFFENSE,2019,12,117
SEX OFFENSE,2020,1,98
SEX OFFENSE,2020,2,92
SEX OFFENSE,2020,3,84
SEX OFFENSE,2020,4,59
SEX OFFENSE,2020,5,62
SEX OFFENSE,2020,6,92
SEX OFFENSE,2020,7,99
SEX OFFENSE,2020,8,98
SEX OFFENSE,2020,9,67
SEX OFFENSE,2020,10,83
SEX OFFENSE,2020,11,71
SEX OFFENSE,2020,12,59
SEX OFFENSE,2021,1,76
SEX OFFENSE,2021,2,70
SEX OFFENSE,2021,3,78
SEX OFFENSE,2021,4,73
SEX OFFENSE,2021,5,97
SEX OFFENSE,2021,6,94
SEX OFFENSE,2021,7,104
SEX OFFENSE,2021,8,94
SEX OFFENSE,2021,9,106
SEX OFFENSE,2021,10,112
SEX OFFENSE,2021,11,99
SEX OFFENSE,2021,12,80
SEX OFFENSE,2022,1,85
SEX OFFENSE,2022,2,73
SEX OFFENSE,2022,3,119
SEX OFFENSE,2022,4,95
SEX OFFENSE,2022,5,113
SEX OFFENSE,2022,6,93
SEX OFFENSE,2022,7,111
SEX OFFENSE,2022,8,124
SEX OFFENSE,2022,9,113
SEX OFFENSE,2022,10,92
SEX OFFENSE,2022,11,98
SEX OFFENSE,2022,12,86
SEX OFFENSE,2023,1,80
SEX OFFENSE,2023,2,70
STALKING,2013,1,12
STALKING,2013,2,6
STALKING,2013,3,14
STALKING,2013,4,16
STALKING,2013,5,13
STALKING,2013,6,15
STALKING,2013,7,9
STALKING,2013,8,12
STALKING,2013,9,18
STALKING,2013,10,12
STALKING,2013,11,14
STALKING,2013,12,13
STALKING,2014,1,7
STALKING,2014,2,6
STALKING,2014,3,10
STALKING,2014,4,10
STALKING,2014,5,11
STALKING,2014,6,12
STALKING,2014,7,16
STALKING,2014,8,17
STALKING,2014,9,19
STALKING,2014,10,12
STALKING,2014,11,9
STALKING,2014,12,13
STALKING,2015,1,17
STALKING,2015,2,7
STALKING,2015,3,17
STALKING,2015,4,14
STALKING,2015,5,17
STALKING,2015,6,10
STALKING,2015,7,14
STALKING,2015,8,13
STALKING,2015,9,17
STALKING,2015,10,9
STALKING,2015,11,11
STALKING,2015,12,9
STALKING,2016,1,9
STALKING,2016,2,7
STALKING,2016,3,11
STALKING,2016,4,11
STALKING,2016,5,14
STALKING,2016,6,18
STALKING,2016,7,16
STALKING,2016,8,11
STALKING,2016,9,26
STALKING,2016,10,17
STALKING,2016,11,17
STALKING,2016,12,19
STALKING,2017,1,17
STALKING,2017,2,18
STALKING,2017,3,19
STALKING,2017,4,25
STALKING,2017,5,14
STALKING,2017,6,14
STALKING,2017,7,21
STALKING,2017,8,16
STALKING,2017,9,20
STALKING,2017,10,11
STALKING,2017,11,10
STALKING,2017,12,7
STALKING,2018,1,16
STALKING,2018,2,14
STALKING,2018,3,15
STALKING,2018,4,17
STALKING,2018,5,24
STALKING,2018,6,18
STALKING,2018,7,27
STALKING,2018,8,15
STALKING,2018,9,12
STALKING,2018,10,15
STALKING,2018,11,16
STALKING,2018,12,18
STALKING,2019,1,19
STALKING,2019,2,21
STALKING,2019,3,24
STALKING,2019,4,11
STALKING,2019,5,17
STALKING,2019,6,24
STALKING,2019,7,25
STALKING,2019,8,19
STALKING,2019,9,21
STALKING,2019,10,13
STALKING,2019,11,20
STALKING,2019,12,12
STALKING,2020,1,15
STALKING,2020,2,18
STALKING,2020,3,20
STALKING,2020,4,8
STALKING,2020,5,10
STALKING,2020,6,22
STALKING,2020,7,16
STALKING,2020,8,23
STALKING,2020,9,16
STALKING,2020,10,18
STALKING,2020,11,21
STALKING,2020,12,16
STALKING,2021,1,27
STALKING,2021,2,18
STALKING,2021,3,23
STALKING,2021,4,34
STALKING,2021,5,38
STALKING,2021,6,30
STALKING,2021,7,41
STALKING,2021,8,29
STALKING,2021,9,25
STALKING,2021,10,43
STALKING,2021,11,34
STALKING,2021,12,28
STALKING,2022,1,28
STALKING,2022,2,26
STALKING,2022,3,33
STALKING,2022,4,34
STALKING,2022,5,38
STALKING,2022,6,37
STALKING,2022,7,35
STALKING,2022,8,47
STALKING,2022,9,33
STALKING,2022,10,42
STALKING,2022,11,47
STALKING,2022,12,32
STALKING,2023,1,44
STALKING,2023,2,29
THEFT,2013,1,5465
THEFT,2013,2,4544
THEFT,2013,3,5339
THEFT,2013,4,5562
THEFT,2013,5,6166
THEFT,2013,6,6292
THEFT,2013,7,7122
THEFT,2013,8,7180
THEFT,2013,9,6529
THEFT,2013,10,6206
THEFT,2013,11,5809
THEFT,2013,12,5320
THEFT,2014,1,4448
THEFT,2014,2,4017
THEFT,2014,3,4516
THEFT,2014,4,4836
THEFT,2014,5,5352
THEFT,2014,6,5839
THEFT,2014,7,6336
THEFT,2014,8,5885
THEFT,2014,9,5486
THEFT,2014,10,5563
THEFT,2014,11,4540
THEFT,2014,12,4750
THEFT,2015,1,4407
THEFT,2015,2,3228
THEFT,2015,3,4275
THEFT,2015,4,4528
THEFT,2015,5,4941
THEFT,2015,6,5015
THEFT,2015,7,5398
THEFT,2015,8,5629
THEFT,2015,9,5180
THEFT,2015,10,5155
THEFT,2015,11,4567
THEFT,2015,12,5027
THEFT,2016,1,4486
THEFT,2016,2,4006
THEFT,2016,3,4661
THEFT,2016,4,4595
THEFT,2016,5,5047
THEFT,2016,6,5359
THEFT,2016,7,5821
THEFT,2016,8,6005
THEFT,2016,9,5736
THEFT,2016,10,5723
THEFT,2016,11,5257
THEFT,2016,12,4922
THEFT,2017,1,4956
THEFT,2017,2,4398
THEFT,2017,3,4501
THEFT,2017,4,4803
THEFT,2017,5,5338
THEFT,2017,6,5793
THEFT,2017,7,6089
THEFT,2017,8,6463
THEFT,2017,9,5526
THEFT,2017,10,5735
THEFT,2017,11,5383
THEFT,2017,12,5396
THEFT,2018,1,4855
THEFT,2018,2,3900
THEFT,2018,3,4751
THEFT,2018,4,4998
THEFT,2018,5,5738
THEFT,2018,6,6038
THEFT,2018,7,6168
THEFT,2018,8,6529
THEFT,2018,9,5786
THEFT,2018,10,5670
THEFT,2018,11,5162
THEFT,2018,12,5690
THEFT,2019,1,4558
THEFT,2019,2,4392
THEFT,2019,3,4478
THEFT,2019,4,4653
THEFT,2019,5,5398
THEFT,2019,6,5655
THEFT,2019,7,5999
THEFT,2019,8,6173
THEFT,2019,9,5443
THEFT,2019,10,5390
THEFT,2019,11,4887
THEFT,2019,12,5458
THEFT,2020,1,4603
THEFT,2020,2,4176
THEFT,2020,3,3532
THEFT,2020,4,2506
THEFT,2020,5,2921
THEFT,2020,6,3085
THEFT,2020,7,3674
THEFT,2020,8,3886
THEFT,2020,9,3621
THEFT,2020,10,3425
THEFT,2020,11,2964
THEFT,2020,12,2920
THEFT,2021,1,2667
THEFT,2021,2,2122
THEFT,2021,3,2737
THEFT,2021,4,2797
THEFT,2021,5,3268
THEFT,2021,6,3501
THEFT,2021,7,3961
THEFT,2021,8,3886
THEFT,2021,9,3951
THEFT,2021,10,4227
THEFT,2021,11,3837
THEFT,2021,12,3825
THEFT,2022,1,3386
THEFT,2022,2,3322
THEFT,2022,3,4160
THEFT,2022,4,3928
THEFT,2022,5,4494
THEFT,2022,6,5032
THEFT,2022,7,5723
THEFT,2022,8,5236
THEFT,2022,9,5098
THEFT,2022,10,5222
THEFT,2022,11,4693
THEFT,2022,12,4369
THEFT,2023,1,4205
THEFT,2023,2,3358
WEAPONS VIOLATION,2013,1,315
WEAPONS VIOLATION,2013,2,226
WEAPONS VIOLATION,2013,3,240
WEAPONS VIOLATION,2013,4,287
WEAPONS VIOLATION,2013,5,310
WEAPONS VIOLATION,2013,6,316
WEAPONS VIOLATION,2013,7,302
WEAPONS VIOLATION,2013,8,328
WEAPONS VIOLATION,2013,9,269
WEAPONS VIOLATION,2013,10,232
WEAPONS VIOLATION,2013,11,202
WEAPONS VIOLATION,2013,12,218
WEAPONS VIOLATION,2014,1,201
WEAPONS VIOLATION,2014,2,146
WEAPONS VIOLATION,2014,3,224
WEAPONS VIOLATION,2014,4,273
WEAPONS VIOLATION,2014,5,354
WEAPONS VIOLATION,2014,6,327
WEAPONS VIOLATION,2014,7,341
WEAPONS VIOLATION,2014,8,274
WEAPONS VIOLATION,2014,9,265
WEAPONS VIOLATION,2014,10,265
WEAPONS VIOLATION,2014,11,223
WEAPONS VIOLATION,2014,12,220
WEAPONS VIOLATION,2015,1,251
WEAPONS VIOLATION,2015,2,187
WEAPONS VIOLATION,2015,3,327
WEAPONS VIOLATION,2015,4,291
WEAPONS VIOLATION,2015,5,298
WEAPONS VIOLATION,2015,6,314
WEAPONS VIOLATION,2015,7,370
WEAPONS VIOLATION,2015,8,322
WEAPONS VIOLATION,2015,9,315
WEAPONS VIOLATION,2015,10,276
WEAPONS VIOLATION,2015,11,241
WEAPONS VIOLATION,2015,12,172
WEAPONS VIOLATION,2016,1,192
WEAPONS VIOLATION,2016,2,214
WEAPONS VIOLATION,2016,3,289
WEAPONS VIOLATION,2016,4,284
WEAPONS VIOLATION,2016,5,342
WEAPONS VIOLATION,2016,6,347
WEAPONS VIOLATION,2016,7,303
WEAPONS VIOLATION,2016,8,321
WEAPONS VIOLATION,2016,9,334
WEAPONS VIOLATION,2016,10,294
WEAPONS VIOLATION,2016,11,286
WEAPONS VIOLATION,2016,12,244
WEAPONS VIOLATION,2017,1,336
WEAPONS VIOLATION,2017,2,331
WEAPONS VIOLATION,2017,3,307
WEAPONS VIOLATION,2017,4,406
WEAPONS VIOLATION,2017,5,397
WEAPONS VIOLATION,2017,6,442
WEAPONS VIOLATION,2017,7,519
WEAPONS VIOLATION,2017,8,456
WEAPONS VIOLATION,2017,9,418
WEAPONS VIOLATION,2017,10,389
WEAPONS VIOLATION,2017,11,337
WEAPONS VIOLATION,2017,12,348
WEAPONS VIOLATION,2018,1,410
WEAPONS VIOLATION,2018,2,306
WEAPONS VIOLATION,2018,3,393
WEAPONS VIOLATION,2018,4,399
WEAPONS VIOLATION,2018,5,542
WEAPONS VIOLATION,2018,6,499
WEAPONS VIOLATION,2018,7,550
WEAPONS VIOLATION,2018,8,561
WEAPONS VIOLATION,2018,9,487
WEAPONS VIOLATION,2018,10,452
WEAPONS VIOLATION,2018,11,407
WEAPONS VIOLATION,2018,12,450
WEAPONS VIOLATION,2019,1,447
WEAPONS VIOLATION,2019,2,377
WEAPONS VIOLATION,2019,3,496
WEAPONS VIOLATION,2019,4,522
WEAPONS VIOLATION,2019,5,614
WEAPONS VIOLATION,2019,6,567
WEAPONS VIOLATION,2019,7,674
WEAPONS VIOLATION,2019,8,651
WEAPONS VIOLATION,2019,9,550
WEAPONS VIOLATION,2019,10,481
WEAPONS VIOLATION,2019,11,456
WEAPONS VIOLATION,2019,12,504
WEAPONS VIOLATION,2020,1,490
WEAPONS VIOLATION,2020,2,461
WEAPONS VIOLATION,2020,3,464
WEAPONS VIOLATION,2020,4,474
WEAPONS VIOLATION,2020,5,792
WEAPONS VIOLATION,2020,6,783
WEAPONS VIOLATION,2020,7,804
WEAPONS VIOLATION,2020,8,984
WEAPONS VIOLATION,2020,9,831
WEAPONS VIOLATION,2020,10,806
WEAPONS VIOLATION,2020,11,777
WEAPONS VIOLATION,2020,12,765
WEAPONS VIOLATION,2021,1,705
WEAPONS VIOLATION,2021,2,466
WEAPONS VIOLATION,2021,3,761
WEAPONS VIOLATION,2021,4,779
WEAPONS VIOLATION,2021,5,866
WEAPONS VIOLATION,2021,6,908
WEAPONS VIOLATION,2021,7,833
WEAPONS VIOLATION,2021,8,796
WEAPONS VIOLATION,2021,9,809
WEAPONS VIOLATION,2021,10,738
WEAPONS VIOLATION,2021,11,698
WEAPONS VIOLATION,2021,12,619
WEAPONS VIOLATION,2022,1,541
WEAPONS VIOLATION,2022,2,578
WEAPONS VIOLATION,2022,3,696
WEAPONS VIOLATION,2022,4,736
WEAPONS VIOLATION,2022,5,950
WEAPONS VIOLATION,2022,6,860
WEAPONS VIOLATION,2022,7,886
WEAPONS VIOLATION,2022,8,832
WEAPONS VIOLATION,2022,9,778
WEAPONS VIOLATION,2022,10,732
WEAPONS VIOLATION,2022,11,596
WEAPONS VIOLATION,2022,12,541
WEAPONS VIOLATION,2023,1,739
WEAPONS VIOLATION,2023,2,594